AccX,AccY,AccZ,Tmp,GyroX,GyroY,GyroZ
-7176,6532,12192,32.77,-474,-58,22
-7180,6424,12308,32.72,-452,-103,44
-7096,6312,12172,32.72,158,-53,-75
-7256,6500,12108,32.67,-241,-159,21
-7288,6460,12368,32.67,-433,-59,15
-7180,6428,12300,32.81,-200,-12,19
-7100,6364,12300,32.62,-266,8,-1
-7024,6340,12256,32.72,-253,7,-17
-7156,6464,12244,32.77,-83,169,-40
-7088,6492,12180,32.72,-383,43,-8
-7020,6516,12140,32.67,-925,-50,48
-7172,6452,12252,32.72,-311,46,20
-7136,6484,12068,32.67,103,19,-46
-7132,6512,12284,32.62,-572,-61,27
-7228,6444,12228,32.58,504,-25,-108
-7144,6532,12100,32.77,-986,-170,79
-7200,6456,12340,32.77,485,-41,-96
-7208,6372,12264,32.72,-513,-64,71
-7220,6496,12120,32.81,-515,-84,36
-7112,6388,12140,32.67,-381,65,15
-7116,6460,12312,32.72,-268,-67,4
-7256,6532,12184,32.77,-154,-26,-21
-7080,6392,12220,32.62,-464,-20,10
-7216,6520,12244,32.62,-135,-61,-21
-7072,6480,12176,32.72,-161,-18,-18
-7248,6320,12312,32.67,-182,-52,-25
-7256,6452,12228,32.67,-192,-18,-18
-7092,6424,12444,32.67,-293,-50,8
-7244,6400,12292,32.81,-202,-4,13
-7176,6368,12284,32.77,-417,-88,14
-7136,6404,12316,32.62,-183,-13,-28
-7100,6404,12328,32.81,-267,-37,25
-7124,6548,12272,32.77,-174,82,-40
-7064,6312,12388,32.72,-476,-57,-4
-7232,6500,12352,32.81,367,40,-80
-7096,6396,12024,32.77,-339,-68,86
-7112,6392,12324,32.81,171,106,-47
-7172,6320,12380,32.77,-629,-78,30
-7184,6468,12096,32.67,-225,-25,-37
-7148,6420,12384,32.72,-245,-32,-44
-7108,6392,12276,32.72,148,-14,-91
-7144,6376,12328,32.72,-574,-24,46
-7200,6484,12428,32.67,-369,61,36
-7180,6416,12324,32.72,-243,-29,8
-7140,6340,12352,32.77,-504,111,58
-7124,6484,12232,32.81,355,34,-117
-7172,6500,12196,32.67,-359,-76,0
-7232,6396,12080,32.72,91,17,-60
-7148,6404,12212,32.77,-508,-17,41
-7100,6508,12280,32.72,-328,-102,-22
-7104,6444,12216,32.62,-522,-33,27
-7168,6396,12316,32.72,287,31,-28
-7160,6380,12152,32.81,-533,-75,20
-7260,6376,12248,32.72,-443,-136,-5
-7136,6440,12248,32.72,-205,-43,11
-7160,6464,12292,32.67,-418,-23,12
-7140,6480,12088,32.72,67,57,-69
-7080,6464,12268,32.77,-514,-173,19
-7144,6556,12208,32.72,123,33,-36
-7172,6380,12368,32.77,-353,-93,14
-7212,6420,12492,32.86,-76,-48,-33
-7156,6376,12288,32.72,-452,-17,35
-7216,6332,12388,32.62,-307,-83,-9
-7248,6480,12328,32.77,-184,-128,-33
-7232,6508,12188,32.77,185,6,-70
-7212,6476,12420,32.81,-496,-79,2
-7208,6292,12116,32.77,-19,17,-49
-7116,6480,12168,32.67,-234,-194,-32
-7120,6432,12268,32.72,190,-79,-37
-7112,6396,12364,32.77,-424,-62,12
-7148,6352,12416,32.81,-320,-45,16
-7200,6528,12320,32.72,-340,-47,-11
-7224,6468,12244,32.72,-235,-55,-25
-7084,6304,12296,32.77,-329,-90,-24
-7148,6416,12128,32.77,-133,-51,-19
-7316,6348,12204,32.77,-333,-81,-8
-7224,6512,12276,32.81,-180,-22,-24
-7140,6320,12332,32.81,-277,-46,-7
-7124,6436,12240,32.86,-343,-46,4
-7196,6348,12256,32.81,-219,-35,8
-7120,6356,12368,32.77,-170,-48,-12
-7144,6460,12352,32.77,-218,-32,1
-7132,6392,12216,32.81,-116,-15,-4
-7164,6424,12168,32.77,-151,-57,-23
-7144,6384,12180,32.77,-179,-77,-32
-7068,6380,12268,32.86,-183,-60,-49
-7276,6448,12144,32.81,-291,-40,15
-7088,6412,12240,32.72,-294,-93,-3
-7152,6444,12240,32.77,-85,6,-17
-7156,6408,12196,32.72,-445,-72,2
-7228,6364,12184,32.72,-187,-58,1
-7120,6392,12244,32.77,-291,-100,-18
-7208,6416,12424,32.81,-206,-37,-27
-7064,6528,12228,32.86,-237,-50,2
-7164,6496,12244,32.72,-292,-69,-10
-7200,6384,12116,32.72,2,-41,-34
-7180,6448,12132,32.77,-454,-30,23
-7156,6412,12196,32.81,-304,-30,-14
-7072,6392,12204,32.72,-284,-19,-2
-7244,6516,12392,32.77,-216,-15,-2
-7208,6432,12208,32.86,-234,-54,-6
-7216,6348,12304,32.81,-356,-52,20
-7140,6340,12276,32.86,-159,-36,-24
-7212,6376,12144,32.86,-154,-62,-32
-7184,6432,12284,32.86,-267,-63,-19
-7116,6352,12288,32.86,-273,-78,2
-7168,6448,12236,32.91,-234,-37,16
-7248,6368,12096,32.77,-433,-58,41
-7216,6468,12300,32.86,-164,33,17
-7136,6376,12348,32.86,-548,-118,71
-7144,6356,12316,32.77,-21,33,-39
-7204,6404,12120,32.91,-313,10,21
-7132,6440,12348,32.86,-318,-2,-10
-7272,6332,12260,32.81,80,-19,-15
-7140,6424,12244,32.77,-437,-19,41
-7080,6488,12292,32.77,-368,-38,8
-7120,6428,12352,32.86,-424,-116,31
-7052,6392,12320,32.86,-138,-30,-20
-7000,6340,12380,32.86,-174,-50,-9
-7240,6456,12128,32.91,-324,-54,25
-7172,6500,12368,32.72,-209,-31,7
-7236,6424,12440,32.81,-147,-45,-38
-7172,6448,12496,32.91,-198,-41,-30
-7180,6448,12328,32.81,-105,-83,-45
-7208,6412,12400,32.91,17,-57,-33
-7268,6364,12280,32.77,-321,-24,6
-7108,6420,12312,32.81,-128,20,-28
-7252,6456,12276,32.77,-376,-105,11
-7112,6572,12188,32.81,-303,-72,-29
-7256,6416,12236,32.86,-250,-30,-1
-7292,6424,12340,32.81,-488,-44,71
-7112,6372,12184,32.77,257,91,-43
-7260,6396,12312,32.91,-769,-20,113
-7288,6400,12080,32.81,226,-25,-82
-7264,6464,12392,32.77,-777,-107,26
-7144,6392,12244,32.77,-403,-28,10
-7092,6356,12268,32.81,-356,2,21
-7120,6512,12136,32.77,-233,-45,1
-7132,6472,12260,32.81,-262,-39,-15
-7092,6300,12340,32.91,-167,-31,-13
-7068,6524,12304,32.77,-190,11,-23
-7280,6460,12124,32.77,-328,-61,38
-7192,6332,12176,32.81,-133,41,5
-7200,6468,12120,32.81,-311,-5,16
-7212,6460,12276,32.95,-202,4,6
-7276,6528,12136,32.86,-181,-33,14
-7204,6408,12232,32.86,-373,-86,13
-7168,6392,12440,32.81,20,-29,-52
-7180,6440,12240,32.91,-308,-11,18
-7156,6464,12228,32.91,-316,-64,16
-7220,6416,12224,32.86,-8,-7,-49
-7144,6428,12436,32.81,-414,37,29
-7104,6384,12324,32.77,-418,15,-7
-7124,6448,12252,32.81,-423,-65,9
-7160,6500,12220,32.81,-298,-54,-1
-7212,6396,12184,32.91,-184,-99,-30
-7216,6424,12420,32.91,-302,-12,15
-7192,6376,12164,32.77,39,-71,-50
-7296,6440,12532,32.91,-223,-70,-6
-7156,6404,12116,32.95,-140,-25,-36
-7136,6368,12316,32.95,-278,-45,30
-7196,6488,12140,32.81,-82,-7,-12
-7128,6544,12116,32.86,-188,-82,4
-7112,6440,12316,32.91,-184,27,19
-7248,6492,12372,32.86,-423,-56,37
-7072,6364,12296,32.86,-508,-69,3
-7120,6404,12192,32.86,-1,-83,-70
-7228,6448,12260,32.81,-373,-48,26
-7200,6396,12212,32.91,-388,-67,-8
-7140,6432,12276,32.86,-403,-64,21
-7172,6340,12304,32.81,-76,-2,-36
-7152,6480,12296,32.86,-324,-19,42
-7140,6372,12260,32.81,149,-28,-71
-7192,6492,12072,32.81,-742,-136,67
-7160,6432,12220,32.72,-74,-6,-28
-7188,6424,12240,32.81,-410,-78,23
-7168,6404,12216,33.00,0,-45,-63
-7212,6356,12540,32.81,-307,-110,0
-7312,6340,12332,32.91,1,18,-22
-7168,6420,12108,32.91,-249,-63,-6
-7192,6396,12388,32.86,24,-102,-45
-7168,6376,12052,32.81,-114,-111,-55
-7240,6372,12472,32.81,-352,-94,20
-7192,6504,12292,32.81,220,21,-48
-7148,6372,12172,32.86,-532,-75,43
-7144,6604,12392,32.81,-208,-75,-7
-7180,6452,12448,32.81,-306,-49,21
-7128,6436,12256,32.95,-238,-47,-7
-7200,6476,12240,32.81,-326,-42,13
-7144,6436,12304,32.91,194,13,-39
-7264,6492,12052,32.86,-851,-115,38
-7220,6460,12248,32.86,174,58,-60
-7200,6448,12024,32.86,-488,-139,8
-7004,6364,12412,32.86,-327,-64,10
-7200,6452,12380,32.81,-156,-82,-52
-7112,6388,12316,32.81,-373,-13,-3
-7220,6452,12232,32.86,-243,-100,-32
-7212,6332,12400,32.91,-98,-36,-30
-7212,6468,12204,32.95,-358,-35,22
-7124,6412,12332,32.91,-177,-16,-36
-7200,6496,12152,32.81,-107,-50,-70
-7220,6460,12312,32.91,-280,-115,10
-7136,6440,12108,32.91,-284,-46,-20
-7228,6468,12396,32.91,-307,-35,-2
-7212,6476,12328,32.86,-268,-57,-2
-7180,6500,12324,32.95,-77,-28,-46
-7180,6484,12260,32.81,-308,-10,13
-7216,6512,12348,32.91,-378,-19,-12
-7232,6344,12292,32.95,-136,-136,-6
-7276,6484,12300,32.95,-58,0,-16
-7132,6260,12168,32.91,-605,-100,22
-7056,6452,12132,32.86,-15,48,-28
-7104,6376,12352,32.91,-468,-82,8
-7184,6416,12304,32.86,142,-2,-59
-7312,6532,12336,32.91,-443,-138,5
-7200,6344,12268,32.81,38,-74,-21
-7144,6464,12148,32.91,-92,-148,-23
-7216,6308,12304,32.91,-574,-77,8
-7220,6428,12020,32.86,34,3,-35
-7088,6468,12332,32.95,-557,-103,25
-7364,6392,12388,32.86,-165,-42,-6
-7104,6396,12224,32.86,-346,-73,0
-7212,6432,12384,32.91,-315,-68,10
-7188,6460,12264,32.86,-240,-47,-31
-7276,6328,12356,32.86,-255,-77,0
-7256,6392,12256,32.91,-204,-32,-18
-7260,6372,12264,32.91,-290,-54,4
-7080,6376,12148,32.86,-218,-37,-37
-7112,6496,12116,32.91,-322,-36,15
-7172,6320,12372,32.91,-272,-31,-12
-7176,6560,12284,32.91,-200,-38,-19
-7092,6324,12224,32.91,-152,-32,4
-7172,6404,12072,32.86,-181,-81,-24
-7120,6348,12316,32.81,-232,-56,-10
-7220,6396,12264,32.91,-207,-22,1
-7288,6476,12284,32.95,-147,-25,-29
-7200,6280,12284,32.86,-308,-79,-11
-7148,6412,12132,32.95,-195,-52,-31
-7108,6420,12344,32.95,-132,-44,-11
-7268,6416,12428,32.86,-220,-68,-14
-7212,6436,12280,32.95,-233,-17,-13
-7200,6456,12308,32.95,-301,-36,8
-7084,6468,12172,32.81,-138,-6,-22
-7148,6376,12268,32.86,-385,-63,26
-7172,6388,12192,32.91,-157,-33,-19
-7168,6404,12284,32.91,-263,-62,3
-7232,6432,12464,32.86,-117,-16,-15
-7252,6500,12216,32.95,-430,-1,11
-7208,6380,12244,33.00,-87,-43,-39
-7236,6480,12344,32.95,-306,-82,4
-7188,6460,12228,32.81,-288,-51,-19
-7124,6404,12192,32.81,-239,-50,0
-7188,6456,12208,32.95,-331,-40,6
-7168,6420,12288,32.86,-140,-63,-1
-7168,6340,12144,32.86,-287,-44,16
-7112,6532,12180,32.91,-259,-54,1
-7332,6424,12188,32.86,-168,-35,-41
-7080,6428,12216,32.86,-289,-65,-11
-7200,6352,12216,32.86,-180,-24,-29
-7068,6500,12292,32.95,-330,-32,-1
-7196,6332,12128,33.00,-170,-25,0
-7200,6472,12324,32.86,88,-50,-64
-7176,6408,12268,32.91,10,-56,-44
-7148,6556,12228,32.95,-45,-24,-37
-7196,6368,12236,32.91,-456,-40,3
-7252,6492,12064,32.95,-50,79,-59
-6980,6308,12064,32.91,-705,-56,62
-7080,6384,12312,32.95,-22,54,-6
-7184,6428,12260,33.00,-522,-137,46
-7212,6360,12476,32.91,-125,21,-32
-7104,6360,12208,32.95,-386,-100,-14
-7036,6344,12380,32.86,-61,-65,-22
-7232,6484,12420,32.86,-421,-74,34
-7168,6468,12228,32.91,-245,-61,-23
-7180,6376,12244,32.91,-267,-74,-3
-7168,6332,12312,32.95,-274,-60,14
-7108,6424,12180,32.95,-286,-15,-6
-7208,6448,12368,33.00,-210,-61,-2
-7172,6348,12324,32.86,-262,-78,-12
-7096,6456,12392,33.05,-96,-46,-21
-7164,6428,12284,32.86,-242,-26,-12
-7140,6496,12176,32.95,-337,-1,-9
-7092,6376,12296,32.95,-247,-38,-26
-7112,6352,12208,32.95,-244,-47,2
-7116,6400,12344,32.91,-272,-55,-8
-7108,6416,12348,32.91,-229,-8,-22
-7164,6472,12340,32.86,-237,2,15
-7212,6464,12412,32.95,-285,-12,19
-7136,6464,12244,32.95,-350,6,-12
-7120,6508,12300,33.05,-186,-48,-26
-7152,6368,12352,32.86,-16,54,-15
-7312,6400,12384,32.81,-405,-49,25
-7236,6452,12272,32.91,-286,-67,20
-7220,6400,12124,32.95,-42,-65,7
-7236,6336,12376,32.95,-348,-35,31
-7196,6468,12284,33.05,87,34,-65
-7128,6420,12276,32.95,-489,-71,1
-7244,6472,12508,33.00,-260,-36,-5
-7120,6336,12144,32.86,58,-29,-66
-7144,6400,12280,32.91,-575,-189,40
-7192,6396,12256,32.91,378,15,-95
-7236,6372,12092,33.05,-629,-163,22
-7168,6440,12108,32.95,-108,-81,-46
-7136,6448,12232,32.95,-357,6,14
-7232,6396,12592,32.95,-286,5,20
-7288,6424,12372,33.00,-202,-37,-25
-7232,6468,12276,33.00,-137,-48,-5
-7212,6364,12192,32.95,-425,-116,24
-7252,6452,12160,32.95,-194,51,-19
-7232,6404,12160,33.00,-358,-67,32
-7104,6384,12336,32.95,-169,-70,-28
-7140,6332,12148,32.86,60,-24,-58
-7224,6392,12304,33.00,-338,-81,7
-7208,6408,12332,32.95,-235,-92,8
-7272,6420,12168,32.91,-394,-38,10
-7084,6412,12276,32.95,-398,-67,9
-7132,6344,12144,33.00,-278,-65,22
-7164,6448,12308,33.05,-272,-103,-34
-7144,6444,12372,33.00,-316,-49,10
-7148,6408,12300,32.95,-189,-47,17
-7192,6496,12196,32.91,-313,-1,-4
-7276,6468,12160,32.95,-97,1,13
-7200,6400,12280,32.95,-245,-19,3
-7112,6540,12232,33.00,-129,10,-29
-7184,6368,12244,32.91,-97,-24,28
-7228,6368,12256,32.91,-517,-36,72
-7272,6452,12260,33.00,-151,-23,-27
-7188,6552,12352,32.91,-234,-92,7
-7128,6520,12204,32.95,-431,-52,18
-7148,6440,12240,32.91,-255,-37,11
-7160,6376,12364,33.00,-321,-49,4
-7092,6436,12436,33.00,-136,-46,-14
-7176,6476,12128,33.00,-204,-44,-15
-7288,6488,12068,32.91,-364,-67,11
-7160,6408,12252,33.00,-341,-22,-7
-7192,6424,12040,32.95,-130,-15,-21
-7204,6304,12172,32.95,-459,-125,-7
-7140,6504,12232,32.95,383,28,-75
-7116,6356,12172,32.91,-843,-124,63
-7160,6356,12172,33.00,-173,-29,-3
-7200,6344,12288,32.95,-194,-50,-7
-7220,6444,12308,32.91,-296,-48,3
-7192,6488,12312,32.95,-150,-19,-1
-7144,6448,12240,32.95,-280,-38,9
-7076,6344,12392,32.91,-411,-60,-3
-7236,6492,12324,32.95,33,-17,-59
-7128,6432,12168,32.91,-253,-70,-23
-7200,6440,12376,32.91,-212,21,-39
-7160,6488,12116,33.05,-432,-67,28
-7140,6392,12360,32.95,-307,-58,-12
-7236,6448,12264,32.95,118,8,-45
-7244,6400,12272,32.95,-548,-88,25
-7148,6424,12224,32.86,-170,-12,-14
-7128,6400,12180,33.00,-311,-10,7
-7208,6424,12220,32.95,12,30,-30
-7220,6432,12292,33.00,-705,-49,69
-7204,6492,12356,33.05,10,21,-60
-7156,6408,12144,33.00,-295,-34,-3
-7108,6340,12312,32.95,-215,36,-20
-7164,6480,12064,33.05,-299,-82,-15
-7100,6460,12368,33.09,-49,18,-49
-7212,6392,12260,32.91,-205,32,16
-7184,6560,12184,33.00,-867,-171,43
-7092,6424,12328,33.00,25,53,-58
-7236,6480,12152,32.95,-399,-33,4
-7140,6348,12388,33.00,-232,-10,10
-7092,6368,12140,33.05,-174,-13,-15
-7156,6392,12108,32.95,-312,-100,-14
-7116,6352,12244,33.05,-99,-26,-32
-7156,6340,12224,32.95,-230,-40,-3
-7160,6412,12268,33.00,-304,-75,19
-7204,6396,12332,33.00,-324,-37,6
-7152,6396,12388,33.00,-270,-66,-10
-7176,6360,12356,32.95,-193,-54,-15
-7264,6408,12268,32.95,-270,-38,14
-7136,6464,12368,33.00,-268,-3,14
-7208,6432,12232,32.95,-230,-10,1
-7208,6504,12220,33.00,-253,-42,-6
-7256,6392,12296,33.05,-268,-64,3
-7108,6408,12132,33.00,-260,-47,28
-7112,6440,12168,32.95,-185,-41,-16
-7120,6412,12252,33.05,-112,-3,-36
-7152,6424,12232,33.05,-274,-61,10
-7212,6528,12296,33.00,-469,-39,20
-7228,6396,12304,33.00,-228,-56,-13
-7112,6464,12416,33.00,-214,-26,-6
-7240,6484,12316,33.05,-367,-26,18
-7196,6324,12256,32.95,-146,24,-12
-7104,6404,12272,33.00,-194,-49,-19
-7216,6492,12280,33.00,-199,-40,-4
-7228,6408,12180,33.05,-207,-40,-12
-7220,6320,12232,32.86,-268,-66,7
-7188,6464,12204,33.00,-300,-37,-3
-7244,6424,12280,33.14,121,-55,-59
-7140,6448,12188,33.09,-526,-83,39
-7252,6404,12308,33.00,-107,-14,-9
-7188,6512,12180,33.00,-337,-34,1
-7136,6420,12204,32.95,-311,0,-7
-7104,6520,12304,33.05,-427,-33,25
-7216,6560,12148,33.00,-215,17,-13
-7240,6500,12400,33.00,-211,-19,-7
-7216,6468,12352,33.05,-215,-53,-27
-7140,6320,12292,33.05,-244,-91,-10
-7172,6492,12024,32.95,-252,-43,21
-7272,6364,12268,33.05,-343,-35,17
-7144,6552,12124,33.00,-177,-47,0
-7156,6416,12152,33.05,-249,-61,-3
-7188,6428,12148,33.00,-217,-62,-11
-7180,6504,12288,33.00,-170,-83,5
-7196,6432,12228,32.95,-115,-6,25
-7148,6320,12364,33.00,-359,-42,38
-7156,6336,12332,33.05,-304,-19,21
-7144,6508,12376,33.00,-336,-75,28
-7156,6508,12228,33.00,-412,-8,15
-7264,6392,12296,32.95,-38,-31,-31
-7204,6496,12316,32.95,-439,-80,22
-7088,6440,12380,33.00,-228,-42,-7
-7112,6520,12060,32.95,-111,-49,-23
-7180,6364,12372,32.95,-326,-73,-3
-7116,6472,12244,33.05,-170,-7,-9
-7232,6328,12388,33.00,-307,-38,8
-7140,6400,12304,33.05,-129,-81,-27
-7192,6456,12216,33.05,-238,-47,-2
-7156,6360,12264,33.09,-225,-55,12
-7192,6380,12208,33.05,-239,-32,-15
-7164,6360,12324,32.95,-337,-13,3
-7184,6324,12224,33.00,-202,-26,-14
-7164,6380,12260,33.00,-337,-32,21
-7160,6496,12384,32.95,-290,-42,3
-7136,6432,12280,33.09,-131,-64,-13
-7276,6380,12196,33.00,-160,-113,-3
-7140,6492,12408,33.00,-449,-82,33
-7112,6404,12072,33.05,-202,-28,1
-7072,6452,12100,32.91,-294,-70,-12
-7172,6448,12184,33.00,-178,-24,-17
-7232,6364,12140,33.00,-385,-61,12
-7076,6432,12324,33.05,-108,-15,4
-7052,6324,12316,33.09,-337,-66,28
-7248,6452,12268,33.09,-196,-54,1
-7144,6444,12316,33.05,-194,-46,-23
-7092,6424,12208,33.00,-303,-31,16
-7264,6348,12360,32.91,-208,-44,-8
-7124,6344,12348,33.14,-257,-65,-16
-7212,6464,12296,32.95,-198,-44,-17
-7112,6360,12340,33.05,-281,-57,4
-7124,6388,12204,33.09,-243,-40,11
-7244,6396,12324,33.00,-191,-55,3
-7164,6500,12136,33.00,-253,-23,-23
-7236,6388,12332,33.00,-206,-65,-1
-7124,6360,12316,32.91,-241,-47,4
-7140,6492,12296,33.05,-271,-53,-1
-7228,6480,12248,33.00,-161,-8,-23
-7176,6472,12232,33.09,-374,-9,21
-7280,6364,12468,33.05,-219,-22,10
-7200,6388,12260,33.00,-261,-32,-4
-7224,6408,12372,32.91,-263,-28,-3
-7272,6440,12336,33.05,-263,-37,4
-7156,6496,12356,33.00,-202,-40,-9
-7168,6296,12280,33.00,-285,-22,1
-7212,6396,12180,33.09,-219,-39,4
-7244,6460,12124,33.05,-255,-15,-21
-7280,6432,12240,33.05,-230,-75,0
-7120,6428,12296,33.09,-255,-34,-12
-7020,6436,12280,33.00,-186,-38,-11
-7116,6404,12296,33.09,-346,-34,6
-7136,6436,12392,33.14,-100,-34,-13
-7136,6452,12192,33.05,-294,-9,1
-7156,6412,12288,33.14,-91,-38,-14
-7208,6448,12220,32.95,-366,-37,-9
-7248,6332,12380,33.00,-251,-69,-2
-7188,6452,12256,33.00,-199,-61,-11
-7228,6432,12148,33.00,-223,-40,4
-7224,6364,12188,33.05,-195,-3,-8
-7112,6416,12264,33.00,-239,-14,20
-7124,6412,12276,33.05,-361,-18,6
-7132,6448,12288,33.00,-99,-25,-45
-7136,6424,12240,33.05,-90,-43,-24
-7148,6476,12484,33.14,-607,-54,37
-7200,6400,12148,33.05,48,7,-46
-7168,6412,12200,33.00,-470,-63,36
-7160,6488,12136,33.00,-335,-28,2
-7156,6488,12132,33.05,-186,-92,1
-7136,6460,12220,33.09,-150,-56,-29
-7252,6484,12288,33.00,-280,-11,17
-7084,6396,12512,33.05,-495,-58,34
-7180,6448,12112,33.14,-60,-14,-42
-7144,6344,12388,33.00,-341,-71,-5
-7184,6424,12272,33.00,-245,6,-1
-7172,6500,12144,33.00,-544,-69,16
-7212,6352,12440,33.09,-359,-90,9
-7168,6432,12376,33.05,-190,-12,-3
-7184,6384,12336,33.00,-77,-78,-22
-7180,6412,12396,33.00,-103,-38,13
-7152,6400,12416,33.05,-266,-68,-4
-7196,6500,12280,33.09,78,7,-56
-7124,6272,12228,33.00,-294,0,-2
-7036,6408,12252,33.00,-318,-57,-12
-7156,6476,12232,33.14,-90,-50,-24
-7316,6556,12244,33.00,-319,-74,12
-7144,6352,12324,33.09,-282,-40,-1
-7156,6368,12164,33.05,-227,-4,6
-7188,6400,12268,33.05,-229,-45,-4
-7192,6336,12272,33.05,-290,-23,-13
-7092,6432,12364,33.14,-276,-30,15
-7268,6444,12180,33.00,-102,-29,-28
-7116,6488,12196,33.00,-241,-19,2
-7176,6392,12300,33.05,-381,-58,-9
-7132,6424,12160,33.09,-15,-46,-34
-7104,6448,12220,33.09,-84,-83,-51
-7220,6404,12104,33.19,-313,-122,-19
-7248,6424,12296,33.00,44,-16,-58
-7172,6472,12228,33.05,-333,-54,-13
-7172,6400,12140,33.05,-137,-28,-4
-7076,6552,12260,33.05,-432,-64,12
-7244,6392,12260,33.09,-280,-10,6
-7192,6416,12268,32.95,-9,-82,-16
-7172,6356,12292,33.00,-486,-39,37
-7164,6476,12356,33.05,-380,-75,12
-7196,6404,12288,32.95,-151,-47,-7
-7256,6404,12244,33.09,-400,-33,12
-7260,6388,12344,33.09,-151,-15,-3
-7144,6380,12252,33.05,-427,-62,6
-7060,6380,12232,33.00,-102,-19,-43
-7232,6384,12148,33.00,-379,-62,26
-7176,6496,12108,33.00,-273,-35,-24
-7128,6332,12168,33.19,-290,-64,-6
-7200,6412,12360,32.95,-194,-41,-3
-7196,6444,12152,33.05,-267,-50,-14
-7256,6352,12352,33.09,-222,-37,-3
-7148,6460,12268,33.09,-254,-37,-8
-7168,6400,12328,33.09,-195,-51,-15
-7204,6464,12212,33.14,-311,-48,6
-7156,6420,12252,33.09,-330,-71,18
-7144,6428,12156,33.09,-180,0,12
-7192,6388,12176,33.09,-189,-28,-6
-7228,6376,12364,33.09,-284,-28,13
-7248,6440,12264,33.05,-153,-24,-13
-7156,6496,12360,33.14,-415,-93,-1
-7176,6472,12328,33.05,-34,-37,-35
-7216,6536,12352,33.09,-279,-85,5
-7192,6464,12164,33.14,-256,-42,-13
-7220,6332,12204,33.05,-330,-63,-14
-7080,6336,12128,33.14,-170,-34,12
-7252,6480,12192,33.09,-268,-93,3
-7232,6380,12332,33.14,-197,-47,-15
-7172,6368,12160,33.05,-237,-77,-21
-7148,6460,12304,33.05,-223,-51,-9
-7252,6372,12168,33.05,-289,-65,-20
-7164,6324,12176,33.05,-163,-55,10
-7220,6380,12300,33.09,-301,-76,-5
-7188,6464,12368,33.05,-167,-49,4
-7236,6412,12224,33.00,-351,-51,-7
-7188,6352,12380,33.09,-238,-49,-2
-7236,6448,12168,33.05,-195,-14,-19
-7148,6400,12200,33.14,-186,-50,-4
-7128,6376,12280,33.00,-253,-34,-9
-7096,6432,12144,33.09,-138,2,-7
-7032,6432,12348,33.05,-343,-51,22
-7252,6432,12344,33.09,-83,-77,-30
-7192,6384,12188,33.19,-197,-96,-24
-7184,6412,12172,33.05,-203,-88,-10
-7096,6428,12300,33.05,-313,-67,8
-7204,6472,12324,33.09,-344,-30,-15
-7084,6440,12064,33.09,-167,-16,-19
-7196,6508,12376,33.09,-272,-72,1
-7228,6380,12312,33.05,-240,-28,2
-7184,6332,12492,33.09,-275,-54,8
-7096,6508,12288,33.14,-268,-38,15
-7280,6380,12196,33.14,-183,-23,-24
-7100,6440,12372,33.05,-334,-22,-8
-7208,6408,12344,33.09,-204,-29,19
-7068,6468,12272,33.00,-348,-37,0
-7244,6396,12324,33.09,-281,-3,9
-7124,6340,12196,33.24,-317,-49,20
-7212,6420,12332,33.09,-127,-37,-27
-7132,6368,12276,33.09,-243,-35,4
-7168,6336,12124,33.05,-397,-17,19
-7112,6392,12240,33.05,-107,-26,-14
-7220,6476,12252,33.09,-305,-89,-10
-7076,6404,12204,33.09,-147,-32,-24
-7072,6372,12244,33.09,-304,-49,2
-7220,6468,12316,33.05,-192,-79,-3
-7112,6384,12352,33.05,-124,-32,-19
-7272,6432,12176,33.19,-249,-26,-4
-7092,6340,12360,33.09,-273,-39,1
-7152,6504,12412,33.05,-323,33,34
-7216,6372,12116,33.00,-50,-20,-19
-7200,6360,12276,33.14,-324,-61,-2
-7152,6432,12244,33.14,-151,-13,-2
-7144,6464,12148,33.09,-288,1,42
-7108,6480,12316,33.09,-215,-7,10
-7144,6448,12208,33.09,-285,-82,19
-7152,6468,12280,33.14,-83,2,-25
-7200,6396,12176,33.19,-506,-68,12
-7172,6392,12216,33.14,-134,-37,-16
-7220,6452,12328,33.14,-362,-38,5
-7160,6388,12304,33.09,-185,-25,-4
-7292,6384,12232,33.09,-390,-52,0
-7280,6312,12144,33.14,-304,-73,-2
-7220,6428,12316,33.09,-201,-38,-19
-7120,6468,12140,33.09,-444,-85,18
-7184,6384,12164,33.05,-163,-11,-24
-7276,6400,12448,33.05,-139,-5,-1
-7184,6436,12248,33.19,-14,13,-29
-6984,6388,12268,33.05,-393,-59,22
-7112,6556,12276,33.14,-38,-10,-28
-7248,6296,12332,33.09,-370,-26,57
-7280,6476,12184,33.09,-256,27,2
-7212,6336,12372,33.09,-286,-51,39
-7212,6476,12240,33.09,-209,-53,24
-7224,6384,12232,33.14,-419,-12,55
-7184,6428,12208,33.14,-67,-26,-35
-7200,6368,12200,33.09,-221,-80,-8
-7260,6388,12188,33.09,-172,13,-12
-7160,6264,12444,33.05,-575,-56,43
-7304,6384,12304,33.14,-58,-74,11
-7276,6460,12340,33.09,-9,44,-32
-7212,6400,12248,33.19,-564,-75,49
-7096,6388,12308,33.19,2,26,-61
-7152,6472,12304,33.09,-362,-57,-6
-7248,6452,12344,33.05,-267,-20,-2
-7160,6564,12292,33.00,-268,-23,-20
-7216,6404,12376,33.14,-233,-53,-21
-7148,6348,12272,33.05,-254,-55,-10
-7164,6396,12028,33.09,-256,61,2
-7200,6448,12420,33.14,-91,56,19
-7144,6364,12184,33.14,-524,-27,22
-7212,6460,12400,33.19,-123,-56,-26
-7116,6428,12300,33.14,-153,-84,29
-7168,6452,12332,33.09,-589,-70,52
-7120,6416,12292,33.09,-41,-16,-17
-7076,6448,12200,33.05,-352,-77,2
-7220,6308,12364,33.09,-251,-6,4
-7200,6348,12292,33.09,-289,-47,15
-7196,6368,12236,33.09,-230,-15,-1
-7140,6452,12328,33.09,-312,-37,8
-7112,6488,12268,33.14,-263,-29,3
-7200,6420,12208,33.14,-259,-52,-4
-7080,6472,12388,33.14,-231,-39,-2
-7124,6420,12236,33.19,-223,-30,1
-7120,6452,12232,33.14,-203,-21,-7
-7152,6344,12284,33.14,-294,-29,11
-7132,6460,12224,33.00,-237,-23,-20
-7200,6436,12232,33.09,-241,-43,1
-7200,6424,12256,33.14,-219,-62,-7
-7156,6404,12060,33.09,-231,-34,-21
-7128,6352,12264,33.09,-281,-36,13
-7180,6444,12380,33.09,-185,-43,18
-7160,6460,12332,33.14,-307,-24,23
-7196,6472,12448,33.05,-164,-23,-25
-7212,6344,12188,33.09,-355,-19,-13
-7232,6428,12196,33.09,-186,-44,-10
-7360,6348,12316,33.09,-305,-55,5
-7316,6452,12212,33.14,-226,-47,-15
-7260,6376,12360,33.14,-209,-61,-37
-7176,6492,12384,33.24,-297,-34,-4
-7208,6264,12308,33.14,-206,-16,-9
-7132,6388,12088,33.09,-317,-33,16
-7284,6372,12452,33.19,-200,-29,7
-7092,6440,12432,33.19,-231,-46,13
-7148,6384,12268,33.19,-193,-7,-21
-7192,6436,12204,33.14,-267,-79,-7
-7224,6388,12200,33.05,-271,-46,4
-7244,6448,12168,33.09,-194,-42,4
-7124,6404,12168,33.24,-168,-22,-13
-7184,6396,12204,33.14,-302,-41,4
-7232,6432,12280,33.19,-329,-36,16
-7200,6324,12272,33.05,-290,-41,2
-7248,6424,12268,33.09,-163,-32,-22
-7248,6396,12268,33.09,-196,-81,16
-7080,6416,12204,33.14,-114,-41,-23
-7132,6452,12236,33.14,-185,-62,-22
-7128,6536,12412,33.24,-292,-44,15
-7172,6436,12288,33.14,-105,-55,-23
-7244,6488,12056,33.19,-363,-85,7
-7112,6432,12256,33.24,-56,-41,-57
-7068,6472,12300,33.14,-294,-78,-14
-7212,6440,12536,33.14,-241,-131,-33
-7196,6404,12332,33.14,-297,-143,-16
-7140,6416,12192,33.19,-153,22,4
-7156,6376,12236,33.09,-255,-37,2
-7172,6404,12188,33.14,-243,-42,-5
-7248,6436,12204,33.09,-312,-68,-7
-7080,6360,12276,33.28,-212,-30,-3
-7172,6312,12184,33.19,-396,-68,18
-7068,6348,12388,33.24,-132,-38,1
-7192,6408,12288,33.09,-233,-54,-9
-7204,6436,12180,33.19,-350,-33,24
-7108,6348,12116,33.14,-56,-21,-28
-7180,6468,12232,33.14,-325,-50,14
-7136,6452,12212,33.19,-128,-2,-17
-7296,6344,12284,33.28,-326,-10,9
-7224,6528,12256,33.24,-279,-27,6
-7080,6376,12240,33.19,-327,43,21
-7192,6396,12400,33.14,-314,-31,24
-7108,6472,12280,33.19,-233,-31,16
-7268,6480,12192,33.09,-321,-44,19
-7124,6428,12328,33.14,-303,-56,3
-7196,6348,12488,33.19,-123,-1,-34
-7148,6532,12268,33.09,-377,-57,-1
-7228,6404,12264,33.24,-275,-37,-7
-7200,6428,12376,33.14,-231,-55,-23
-7124,6404,12304,33.24,-208,-29,-20
-7160,6436,12228,33.14,-374,-36,14
-7188,6432,12240,33.19,-184,-52,-12
-7128,6504,12140,33.19,-235,-23,7
-7168,6372,12384,33.24,-308,-30,8
-7140,6356,12320,33.19,-273,-4,7
-7188,6396,12200,33.24,-287,-54,-12
-7132,6452,12276,33.14,-65,52,-2
-7188,6372,12300,33.24,-261,23,16
-7236,6508,12196,33.09,-132,-90,-16
-7248,6404,12168,33.19,30,-102,-50
-7136,6496,12288,33.19,36,-50,-34
-7232,6428,12260,33.24,-611,-16,31
-7180,6460,12288,33.19,-213,-50,-13
-7220,6396,12296,33.19,-408,-51,35
-7248,6512,12256,33.09,-151,-31,-25
-7204,6396,12312,33.19,-283,-64,-8
-7160,6392,12268,33.24,-272,-15,10
-7216,6388,12308,33.24,-377,-65,16
-7164,6356,12256,33.19,-203,-45,-28
-7104,6384,12272,33.09,-308,-56,21
-7220,6416,12384,33.09,-279,-36,-12
-7308,6504,12300,33.19,-321,-33,2
-7212,6488,12248,33.05,-248,-56,-11
-7164,6456,12360,33.09,-236,-70,-25
-7208,6420,12132,33.14,-239,-91,-9
-7184,6268,12268,33.19,-349,-86,-11
-7192,6440,12388,33.19,-28,-15,-19
-7240,6428,12208,33.19,-376,-53,-15
-7104,6384,12340,33.19,-181,-24,-11
-7148,6376,12200,33.14,-333,-62,18
-7116,6488,12180,33.14,-127,-17,-19
-7200,6424,12280,33.14,-292,-79,-3
-7156,6380,12412,33.19,-98,-31,-25
-7128,6348,12244,33.28,-347,-61,20
-7152,6452,12388,33.14,-151,-13,-1
-7104,6264,12308,33.24,-309,-54,23
-7140,6428,12152,33.19,-148,-34,-36
-7244,6460,12244,33.19,-311,-78,-1
-7212,6460,12236,33.19,-259,-17,-1
-7268,6400,12408,33.14,-253,-42,-1
-7188,6480,12180,33.14,-187,-40,-32
-7136,6384,12308,33.14,-305,-73,-7
-7124,6356,12280,33.19,-195,-42,-27
-7168,6460,12340,33.19,-245,-43,-10
-7140,6312,12284,33.19,-133,-45,-17
-7264,6544,12224,33.09,-435,-53,14
-7220,6452,12352,33.14,-121,-28,-10
-7128,6464,12384,33.24,-233,-52,-11
-7168,6408,12180,33.14,-194,-26,0
-7180,6376,12200,33.09,-315,-40,4
-7228,6368,12212,33.14,-177,-46,17
-7104,6464,12228,33.14,-195,-59,-9
-7160,6352,12260,33.19,-194,-12,-2
-7152,6464,12100,33.09,-162,11,-11
-7104,6468,12344,33.14,-445,-61,33
-7260,6376,12252,33.14,-112,4,-24
-7256,6444,12240,33.28,-227,-63,-7
-7148,6392,12320,33.14,-90,-34,-60
-7268,6352,12240,33.19,-372,-102,14
-7220,6424,12260,33.24,-296,-36,24
-7200,6416,12104,33.19,-116,-20,-14
-7236,6552,12252,33.09,88,17,-36
-7176,6532,12180,33.24,-457,-21,53
-7232,6508,12216,33.28,-211,-62,-25
-7276,6464,12152,33.19,-364,-49,16
-7108,6380,12136,33.24,-612,-87,29
-7128,6408,12292,33.14,5,-30,-9
-7256,6408,12248,33.14,-243,-36,-8
-7168,6404,12288,33.19,-367,-35,29
-7212,6380,12168,33.19,117,-35,-53
-7212,6368,12344,33.24,-352,-105,30
-7220,6580,12164,33.14,-278,-11,-9
-7264,6324,12056,33.24,-419,-10,19
-7180,6500,12496,33.19,-258,-47,-7
-7176,6428,12272,33.19,-255,-79,13
-7080,6452,12244,33.24,-488,-45,47
-7208,6388,12332,33.24,41,2,-26
-7164,6528,12320,33.24,-159,-37,0
-7124,6456,12336,33.09,-371,-121,-19
-7188,6448,12132,33.28,-141,-124,-57
-7224,6404,12248,33.19,-44,-79,-43
-7156,6384,12140,33.19,-294,-61,5
-7176,6352,12240,33.14,-225,-41,-18
-7120,6484,12152,33.14,-384,-23,7
-7132,6316,12316,33.19,-255,-73,-7
-7156,6444,12176,33.24,-119,-21,-14
-7036,6436,12084,33.24,-322,-31,11
-7140,6496,12420,33.24,-363,-1,6
-7168,6436,11992,33.14,-303,6,12
-7072,6456,12516,33.19,-58,-101,-59
-7140,6412,12212,33.09,-245,-107,-18
-7140,6412,12412,33.19,-490,-77,27
-7196,6404,12268,33.24,17,18,-54
-7256,6400,12412,33.28,-459,-72,32
-7072,6476,12168,33.24,57,15,-46
-7164,6504,12204,33.19,-532,-58,38
-7236,6420,12332,33.24,-214,-22,-4
-7088,6384,12096,33.05,-295,-28,-15
-7196,6428,12348,33.19,-289,-83,4
-7160,6364,12152,33.19,-173,-85,-24
-7172,6404,12204,33.24,-390,-28,8
-7140,6392,12100,33.19,-253,-14,-21
-7132,6352,12364,33.19,-302,-46,19
-7156,6344,12224,33.19,-224,-58,-6
-7220,6468,12432,33.14,-262,-46,-16
-7172,6352,12200,33.24,-258,-60,16
-7188,6448,12324,33.24,-248,-29,3
-7188,6480,12332,33.19,-208,-2,2
-7160,6468,12304,33.28,-392,5,17
-7136,6448,12192,33.24,-332,-33,12
-7188,6344,12328,33.28,-140,-49,-18
-7144,6520,12192,33.19,-248,-51,-15
-7148,6372,12380,33.19,-168,-23,24
-7152,6428,12260,33.19,-326,-14,25
-7224,6432,12288,33.24,-169,-65,-12
-7196,6408,12304,33.24,-304,-63,2
-7124,6360,12184,33.09,-205,-73,-19
-7104,6436,12220,33.19,-18,-41,-44
-7288,6444,12324,33.24,-475,-134,35
-7240,6396,12252,33.24,-120,-34,-40
-7248,6448,12320,33.24,-437,-84,17
-7164,6404,12336,33.24,-172,-3,-3
-7224,6376,12376,33.19,-325,-97,-4
-7156,6428,12208,33.14,6,17,-40
-7204,6432,12352,33.24,-361,-46,48
-7100,6528,12172,33.19,-237,-40,-17
-7080,6468,12236,33.19,-275,-52,7
-7196,6364,12380,33.24,-291,-38,9
-7228,6400,12396,33.19,-245,2,1
-7136,6380,12328,33.19,-242,-61,-3
-7384,6392,12280,33.28,-263,-43,10
-7164,6432,12308,33.14,-89,-40,-1
-7200,6404,12200,33.09,-591,-68,26
-7176,6452,12316,33.28,-89,-3,-33
-7208,6352,12264,33.19,-235,-66,0
-7216,6496,12248,33.19,-180,20,-19
-7196,6368,12248,33.24,-240,62,8
-7200,6504,12272,33.19,-322,-108,-9
-7136,6384,12276,33.19,-251,-33,-10
-7140,6456,12244,33.19,-315,-44,1
-7164,6336,12364,33.19,-264,-63,2
-7148,6476,12308,33.28,-236,-56,-7
-7180,6388,12028,33.14,-110,-62,-36
-7316,6392,12256,33.24,-350,-70,11
-7128,6516,12152,33.24,-184,5,3
-7152,6344,12356,33.24,-299,-60,16
-7248,6456,12252,33.28,-324,-29,18
-7236,6324,12268,33.19,-247,-47,-4
-7172,6464,12288,33.24,-279,-50,-10
-7100,6352,12080,33.24,-224,-39,-9
-7128,6412,12368,33.24,-288,-36,-1
-7188,6492,12200,33.28,-215,-19,-8
-7168,6412,12396,33.19,-298,-43,-1
-7216,6392,12304,33.14,-249,-52,8
-7184,6404,12336,33.19,-299,-50,-4
-7176,6444,12392,33.19,-228,-40,-14
-7160,6364,12532,33.19,-251,-48,-14
-7280,6392,12112,33.19,-221,-9,-20
-7184,6428,12288,33.33,-239,-17,-11
-7160,6384,12096,33.24,-152,-39,-31
-7244,6408,12180,33.14,-270,-76,6
-7212,6404,12264,33.19,-236,-36,-23
-7120,6436,12124,33.28,-217,-49,-16
-7160,6404,12432,33.19,-343,-7,11
-7200,6460,12152,33.14,-295,-58,-5
-7232,6464,12324,33.19,-256,-103,-17
-7108,6400,12252,33.19,-109,15,-1
-7304,6416,12272,33.19,-483,-97,32
-7272,6472,12112,33.14,86,72,-50
-7140,6424,12240,33.28,-478,-24,27
-7124,6452,12156,33.24,-239,-78,-17
-7200,6424,12428,33.24,-312,-114,-31
-7104,6444,12296,33.19,113,-73,-70
-7260,6460,12420,33.24,-548,-138,0
-7080,6444,12316,33.14,15,4,-51
-7184,6576,12300,33.28,-345,-54,5
-7156,6324,12296,33.33,-141,-81,-20
-7116,6404,12316,33.33,-71,16,-54
-7124,6316,12252,33.19,-319,22,22
-7184,6520,12380,33.24,-129,-32,-23
-7168,6460,12276,33.14,-594,-69,42
-7132,6428,12204,33.14,35,-6,-32
-7116,6560,12376,33.24,-588,-97,61
-7144,6440,12180,33.14,118,-7,-46
-7192,6436,12148,33.28,-376,-98,4
-7188,6368,12456,33.28,-270,-13,-14
-7124,6352,12252,33.24,-374,-41,19
-7244,6336,12340,33.19,-160,-44,-22
-7104,6356,12100,33.09,-184,-39,-23
-7216,6352,12444,33.19,-232,-55,14
-7108,6388,12232,33.28,-53,-40,-47
-7184,6392,12252,33.24,-355,-107,21
-7264,6388,12348,33.33,-119,-7,-23
-7100,6360,12292,33.19,-207,-50,-37
-7176,6364,12236,33.09,-232,-15,-4
-7220,6412,12168,33.28,-339,-65,7
-7200,6404,12144,33.24,-215,-7,11
-7084,6440,12240,33.19,-378,-91,-11
-7120,6488,12432,33.19,-93,-43,-25
-7236,6444,12324,33.24,-510,-101,30
-7096,6476,12424,33.14,-26,-49,-29
-7172,6456,12244,33.33,-498,-75,24
-7112,6364,12100,33.28,-123,-24,-32
-7308,6424,12160,33.19,-246,-52,-13
-7300,6484,12264,33.19,-263,-76,14
-7264,6368,12236,33.19,-187,-31,-4
-7112,6280,12336,33.24,-263,-65,-11
-7244,6424,12172,33.14,-88,-40,-13
-7204,6456,12312,33.24,-439,-17,28
-7208,6380,12164,33.19,-7,-30,-42
-7060,6420,12096,33.24,-700,-96,38
-7212,6404,12340,33.24,-137,-44,-29
-7172,6404,12236,33.24,-409,-115,20
-7092,6340,12408,33.24,-122,-49,-19
-7172,6564,12296,33.28,-117,-34,-47
-7188,6316,12172,33.28,-298,-71,23
-7204,6512,12292,33.19,-48,-31,-40
-7200,6304,12332,33.24,-315,-44,11
-7236,6416,12280,33.14,-214,-26,-17
-7184,6356,12232,33.14,-327,-94,-1
-7140,6320,12348,33.19,-256,-64,-18
-7256,6420,12260,33.19,-275,-39,-12
-7200,6412,12344,33.28,-228,-86,-7
-7172,6480,12344,33.19,-236,6,-4
-7148,6460,12300,33.19,-269,-24,10
-7252,6380,12316,33.19,-179,-61,-24
-7128,6396,12188,33.28,-268,-53,-10
-7192,6428,12368,33.28,-182,-39,-31
-7084,6452,12380,33.28,-261,-41,8
-7124,6352,12268,33.24,-327,-18,17
-7228,6356,12292,33.33,-219,-53,16
-7244,6408,12260,33.28,-266,-57,-25
-7220,6396,12336,33.19,-232,-68,4
-7140,6380,12224,33.24,-212,-44,-22
-7244,6356,12276,33.24,-231,-61,-10
-7204,6560,12284,33.24,-239,-29,-3
-7156,6480,12288,33.14,-246,-42,-3
-7176,6452,12252,33.38,-247,-45,1
-7156,6360,12128,33.24,-143,-40,-14
-7124,6432,12196,33.24,-287,-71,-14
-7152,6356,12268,33.24,-204,-52,-25
-7180,6420,12364,33.24,-232,-42,-11
-7048,6456,12208,33.24,-285,-59,-19
-7188,6408,12224,33.19,-257,-36,-5
-7188,6424,12432,33.28,-238,-6,0
-7136,6348,12416,33.24,-249,-28,5
-7104,6412,12436,33.09,-259,16,3
-7192,6368,12260,33.19,-241,-44,-19
-7188,6428,12240,33.28,-222,-31,4
-7156,6432,12364,33.24,-317,9,-7
-7092,6388,12168,33.19,-162,-51,3
-7168,6408,12256,33.28,-338,-37,14
-7252,6432,12288,33.28,-241,-15,-3
-7252,6444,12352,33.24,-238,-19,7
-7224,6344,12228,33.19,-145,-33,-22
-7088,6568,12304,33.19,-337,-122,-9
-7088,6284,12164,33.19,-337,-57,32
-7180,6440,12500,33.28,-227,-48,2
-7088,6404,12316,33.24,-224,-57,-3
-7236,6412,12388,33.19,-165,-22,-21
-7208,6440,12260,33.19,-295,-63,17
-7060,6348,12396,33.28,-302,-45,-21
-7188,6316,12144,33.28,-277,-69,3
-7064,6428,12408,33.24,-255,-49,-9
-7164,6448,12308,33.28,-221,-31,11
-7192,6368,12328,33.19,-256,-14,-5
-7184,6368,12060,33.14,-1,-38,-46
-7068,6312,12316,33.19,-30,-6,-14
-7088,6392,12400,33.24,-347,10,29
-7180,6388,12328,33.19,5,-88,11
-7208,6352,12600,33.28,-488,-117,37
-7100,6412,12176,33.28,-68,-33,-47
-7108,6352,12212,33.24,-472,-112,9
-7180,6440,12440,33.24,62,-29,-67
-7068,6448,12340,33.19,-292,-72,-9
-7232,6432,12336,33.33,-360,-139,1
-7216,6436,12400,33.24,-267,-7,5
-7280,6424,12240,33.33,-327,-57,5
-7164,6468,12284,33.19,-142,-9,-22
-7184,6400,12296,33.38,-419,-22,35
-7192,6348,12168,33.24,-118,-29,-21
-7188,6468,12068,33.33,-488,-5,56
-7228,6328,12244,33.28,-320,-20,5
-7212,6516,12196,33.24,-55,-55,-30
-7220,6428,12352,33.24,-263,-61,-4
-7244,6316,12144,33.28,-388,-59,15
-7164,6416,12144,33.24,-268,-22,-3
-7220,6364,12268,33.33,-121,-33,-8
-7212,6316,12340,33.19,-404,-73,8
-7160,6420,12280,33.24,-140,-34,-16
-7104,6376,12084,33.24,-340,-17,-7
-7156,6416,12468,33.24,-101,-54,-23
-7220,6456,12288,33.19,-221,-31,-4
-7256,6432,12236,33.28,-444,-44,35
-7200,6460,12232,33.19,-146,-10,-19
-7168,6376,12444,33.19,-241,-37,-21
-7220,6356,12208,33.28,-220,-32,-30
-7128,6388,12288,33.28,-371,-32,28
-7232,6460,12184,33.14,-130,-11,-13
-7204,6388,12344,33.33,-283,-62,-7
-7092,6404,12224,33.33,-229,-27,3
-7164,6352,12016,33.19,-287,-49,8
-7144,6440,12340,33.28,-249,-55,-2
-7248,6420,12336,33.19,-276,-35,-4
-7180,6472,12256,33.38,-132,-32,16
-7260,6492,12188,33.24,-459,-83,-4
-7252,6480,12228,33.24,-253,-13,4
-7140,6376,12144,33.19,-323,-69,12
-7168,6364,12252,33.24,-287,-61,-16
-7192,6352,12208,33.33,-241,-45,-12
-7248,6392,12288,33.33,-303,-62,-1
-7292,6400,12296,33.24,-227,-51,2
-7208,6300,12308,33.28,-355,-68,16
-7176,6476,12232,33.24,-156,-16,-30
-7212,6428,12308,33.24,-362,-36,12
-7212,6340,12252,33.24,-125,-19,-2
-7220,6424,12288,33.28,-302,-23,-3
-7272,6440,12204,33.28,-168,-40,-18
-7180,6516,12404,33.28,-271,-56,-13
-7268,6316,12216,33.28,-231,-28,-14
-7204,6372,12304,33.19,-264,-59,-21
-7216,6356,12316,33.28,-218,-26,-20
-7112,6372,12228,33.24,-527,-31,43
-7180,6452,12280,33.33,-94,0,-9
-7156,6428,12196,33.24,-234,-56,-21
-7164,6284,12328,33.33,-148,-18,-22
-7176,6404,12236,33.33,-233,-31,-16
-7180,6500,12264,33.38,-220,-31,0
-7144,6424,12368,33.28,-301,-46,6
-7168,6464,12188,33.33,-306,-57,-1
-7176,6432,12336,33.28,-175,-49,-15
-7192,6288,12300,33.38,-91,-62,-17
-7232,6424,12184,33.28,-281,-39,-20
-7308,6380,12152,33.19,-257,-43,7
-7168,6368,12368,33.24,-308,-18,0
-7060,6428,12176,33.24,-180,-13,-10
-7016,6488,12152,33.24,-297,-17,-1
-7188,6428,12332,33.42,-83,-51,-18
-7048,6500,12252,33.28,-352,-5,18
-7196,6456,12132,33.33,-170,-57,-11
-7112,6516,12280,33.24,-265,-43,-28
-7172,6412,12252,33.33,-110,-59,-27
-7160,6432,12296,33.24,-375,-38,13
-7192,6444,12212,33.38,-341,-46,22
-7168,6392,12264,33.19,-324,-29,-5
-7176,6504,12272,33.28,-222,-42,-7
-7104,6428,12276,33.33,-90,-7,-23
-7148,6368,12156,33.19,-478,-42,36
-7240,6416,12156,33.28,-153,-23,-31
-7128,6428,12196,33.28,-292,-33,-19
-7188,6420,12112,33.28,-163,-58,-26
-7072,6432,12208,33.28,-199,-60,-21
-7136,6488,12228,33.28,-94,-12,-12
-7112,6464,12264,33.24,-377,-46,18
-7156,6460,12332,33.28,-78,39,-6
-7240,6548,12080,33.33,-150,8,-39
-7212,6424,12460,33.28,-188,-87,-53
-7152,6492,12360,33.19,28,-30,-42
-7200,6428,12184,33.24,-442,-69,31
-7172,6376,12312,33.28,-493,-22,19
-7260,6504,12240,33.19,-510,-111,9
-7152,6356,12332,33.33,20,-42,-60
-7228,6468,12116,33.28,90,-61,-44
-7188,6432,12352,33.33,-507,-145,9
-7276,6436,12244,33.24,-11,-31,-21
-7232,6428,12180,33.28,-452,-123,27
-7260,6468,12288,33.28,-161,-39,-39
-7176,6428,12156,33.28,-433,-35,-14
-7164,6444,12208,33.28,-58,-48,-16
-7220,6432,12072,33.28,-255,-72,2
-7124,6372,12448,33.19,126,-34,-53
-7204,6476,12256,33.28,-230,-74,-3
-7248,6368,12212,33.38,-64,-19,-30
-7152,6376,12280,33.33,-317,-66,-1
-7116,6432,12152,33.33,-422,41,42
-7164,6468,12156,33.24,-451,17,33
-7168,6392,12212,33.38,-620,-91,44
-7224,6392,12240,33.28,-58,-54,-31
-7112,6340,12224,33.33,-668,-42,34
-7232,6488,12308,33.24,87,-4,-42
-7164,6392,12384,33.33,-484,-64,27
-7192,6324,12300,33.33,-277,24,-2
-7228,6412,12384,33.19,-305,-44,35
-7220,6304,12152,33.33,-194,-22,-23
-7144,6492,12388,33.33,-196,-62,-26
-7188,6372,12280,33.24,-344,-56,18
-7180,6476,12304,33.24,-176,-10,-24
-7096,6440,12160,33.28,-222,-35,-7
-7240,6480,12332,33.28,-230,-70,2
-7128,6352,12288,33.33,-245,-5,15
-7260,6448,12188,33.28,-330,27,32
-7284,6508,12324,33.24,-117,-6,-49
-7340,6480,12136,33.24,-122,-92,11
-7176,6500,12252,33.19,-375,-65,14
-7128,6580,12160,33.28,-239,26,-16
-7132,6400,12400,33.33,-367,-46,11
-7136,6376,12120,33.28,-230,-40,10
-7136,6420,12556,33.38,-385,-50,21
-7256,6412,12212,33.42,-173,-30,2
-7244,6492,12208,33.28,-162,-57,-42
-7108,6428,12316,33.28,-376,-93,19
-7116,6380,12252,33.28,-225,-28,-25
-7084,6416,12340,33.28,-211,-69,-18
-7216,6352,12256,33.28,-209,-18,-3
-7240,6476,12220,33.42,-148,-34,-2
-7240,6376,12288,33.33,-319,-55,13
-7156,6336,12028,33.28,-136,-23,-20
-7232,6472,12296,33.19,-287,-80,4
-7192,6492,12260,33.24,-239,-35,-19
-7268,6532,12004,33.24,-101,-21,-50
-7120,6440,12164,33.42,-336,-27,14
-7184,6424,12264,33.38,-203,-60,-2
-7232,6408,12220,33.28,-241,-29,-13
-7212,6392,12404,33.38,-262,-57,11
-7316,6348,12260,33.28,-211,-93,1
-7248,6460,12232,33.24,-226,-75,-8
-7208,6436,12340,33.28,-349,-71,9
-7076,6368,12196,33.33,-198,-44,-1
-7032,6420,12164,33.33,-317,-32,15
-7176,6392,12452,33.28,-162,-8,-23
-7168,6404,12244,33.28,-188,-21,-3
-7132,6432,12244,33.33,-435,-97,44
-7160,6316,12464,33.33,-160,-28,-44
-7224,6364,12196,33.33,-311,-34,-13
-7156,6380,12320,33.28,-248,-62,-11
-7156,6468,12184,33.24,-211,-63,-10
-7212,6356,12268,33.33,-173,-38,-5
-7176,6464,12232,33.28,-229,-15,-10
-7152,6396,12444,33.28,-88,-1,-24
-7328,6428,12528,33.33,-251,-28,4
-7152,6408,12284,33.28,18,-89,-64
-7188,6372,12396,33.33,-643,-211,-3
-7184,6396,12184,33.33,83,-101,-52
-7168,6380,12224,33.33,-118,-89,-21
-7104,6368,12444,33.28,6,-34,-34
-7036,6460,12212,33.33,-447,-33,11
-7132,6392,12268,33.33,-226,-108,-16
-7208,6480,12280,33.33,-263,-11,-4
-7128,6492,12284,33.24,-177,-48,10
-7228,6556,12260,33.38,-139,30,-3
-7136,6384,12244,33.24,-597,-25,53
-7196,6360,12168,33.33,-282,-2,25
-7200,6384,12328,33.38,-334,-14,-1
-7068,6392,12300,33.24,-493,-17,40
-7248,6376,12292,33.24,-341,-37,1
-7244,6440,12196,33.28,-244,-69,-12
-7276,6328,12316,33.38,-127,10,-27
-7096,6364,12176,33.24,-261,-68,-10
-7264,6396,12300,33.33,-122,26,5
-7140,6412,12404,33.28,-346,-45,-1
-7156,6480,12240,33.24,-317,-13,-7
-7116,6436,12368,33.38,-270,18,13
-7060,6456,12304,33.38,-284,-82,-15
-7256,6364,12268,33.28,-175,-12,-18
-7204,6308,12284,33.28,-227,-61,-47
-7200,6348,12160,33.28,-108,-7,-37
-7204,6512,12212,33.33,-116,-36,-50
-7080,6360,12256,33.33,-510,-4,50
-7180,6440,12212,33.19,17,-21,-20
-7220,6356,12120,33.28,-624,-7,73
-7180,6436,12240,33.33,-327,-1,17
-7168,6424,12244,33.38,-203,-33,-3
-7188,6404,12420,33.33,-567,-62,40
-7268,6400,12080,33.24,-1,0,-39
-7276,6416,12228,33.24,-409,-69,28
-7180,6396,12400,33.38,-38,13,-27
-7196,6336,12176,33.33,-281,-25,2
-7100,6424,12348,33.38,-136,-29,-7
-7240,6360,12216,33.33,-196,-83,-17
-7232,6424,12244,33.33,-303,-53,-6
-7160,6472,12280,33.33,-88,-67,-41
-7224,6432,12252,33.38,-515,-48,3
-7292,6412,12220,33.33,43,-105,-58
-7176,6468,12312,33.33,-336,-25,-11
-7140,6424,12220,33.38,-371,-8,25
-7120,6432,12232,33.38,-434,19,30
-7236,6452,12064,33.42,-228,9,-1
-7188,6436,12236,33.33,-401,-49,33
-7048,6392,12228,33.24,-204,-13,30
-7188,6448,12468,33.28,-272,-36,2
-7092,6488,12348,33.33,-183,-14,0
-7132,6412,12356,33.38,-256,-49,-4
-7196,6424,12224,33.28,-279,-47,-14
-7196,6504,12228,33.38,-162,-80,-30
-7100,6444,12352,33.38,-174,-21,4
-7272,6388,12364,33.42,-289,-29,-19
-7136,6408,12376,33.28,-112,-58,-44
-7184,6364,12096,33.24,-299,-72,1
-7280,6488,12148,33.38,-248,-58,-25
-7152,6364,12172,33.28,-303,-66,12
-7140,6332,12080,33.33,-207,7,-5
-7224,6380,12316,33.28,-290,-5,-8
-7244,6508,12300,33.33,-326,-58,27
-7168,6432,12248,33.28,-251,-24,-35
-7104,6420,12264,33.19,-286,-57,-13
-7220,6364,12332,33.28,-267,-52,4
-7252,6504,12348,33.24,-218,-11,-13
-7248,6392,12284,33.14,-237,-42,-14
-7256,6312,12252,33.33,-273,-44,-13
-7048,6388,12188,33.33,-293,-38,-2
-7236,6432,12288,33.33,1,-25,-38
-7236,6500,12172,33.33,-346,-68,4
-7044,6456,12352,33.38,-95,-4,-21
-7180,6436,12472,33.33,-311,-89,8
-7232,6436,12216,33.38,-321,-21,22
-7196,6376,12204,33.28,-323,-13,7
-7236,6400,12072,33.24,-298,-69,-5
-7140,6380,12228,33.28,-220,-37,-9
-7208,6424,12292,33.19,-142,-25,-6
-7240,6440,12168,33.33,-307,-60,9
-7144,6420,12192,33.28,-222,-57,-15
-7132,6392,12288,33.28,-435,-79,9
-7176,6408,12340,33.33,-205,-4,-12
-7152,6360,12232,33.24,-252,-35,5
-7168,6432,12096,33.28,-365,-6,20
-7124,6388,12280,33.28,-148,-34,-19
-7148,6336,12172,33.33,-284,-87,-35
-7256,6476,12412,33.33,-161,-28,-31
-7148,6352,12216,33.33,-297,24,21
-7200,6504,12260,33.38,-226,-31,17
-7260,6428,12260,33.24,-103,-52,-16
-7160,6432,12188,33.33,-50,-87,-67
-7216,6344,12048,33.33,-241,-82,-2
-7160,6508,12372,33.33,-309,-4,6
-7076,6412,12164,33.33,-285,-31,-12
-7144,6416,12304,33.33,-185,-7,6
-7288,6384,12112,33.19,-246,-16,-10
-7200,6468,12276,33.28,-448,-44,4
-7296,6368,12264,33.33,57,-16,-31
-7136,6416,12108,33.28,-118,1,-21
-7164,6508,12304,33.33,-234,-81,22
-7164,6432,12204,33.28,-445,-41,4
-7148,6332,12200,33.33,51,31,-21
-7288,6368,12244,33.19,-401,-3,34
-7236,6336,12184,33.33,-222,-60,-16
-7180,6392,12196,33.33,-263,-74,-29
-7064,6380,12104,33.33,-245,16,47
-7224,6544,12060,33.28,-370,80,51
-7160,6424,12228,33.28,-697,-23,77
-7288,6492,12212,33.28,-285,-3,20
-7236,6476,12148,33.33,-416,-28,9
-7096,6508,12272,33.38,-360,-28,38
-7316,6452,12100,33.28,-289,-37,8
-7256,6352,12392,33.33,-248,-9,-2
-7172,6352,12208,33.28,-174,-29,-14
-7160,6468,12276,33.38,-366,11,47
-7220,6492,12124,33.33,-290,24,4
-7160,6364,12344,33.33,-323,-27,12
-7200,6364,12228,33.24,-176,12,-19
-7256,6484,12308,33.28,-330,-4,24
-7140,6424,12360,33.24,-223,-26,16
-7240,6432,12116,33.38,-286,7,-15
-7240,6304,12252,33.38,-181,-19,-32
-7164,6480,12236,33.38,-66,-33,-37
-7208,6332,12196,33.33,-144,-93,-37
-7116,6460,12196,33.33,-275,-31,-30
-7164,6412,12204,33.33,-245,-37,16
-7160,6456,12248,33.33,-260,3,-5
-7140,6348,12220,33.28,-115,-98,5
-7224,6424,12320,33.42,-77,-66,-15
-7288,6492,12464,33.28,-328,-36,36
-7092,6444,12412,33.28,-646,-74,50
-7188,6480,12212,33.33,-109,-40,-25
-7168,6424,12228,33.42,-328,-57,-5
-7156,6464,12184,33.33,-259,-45,33
-7292,6368,12248,33.38,-297,-50,-1
-7180,6440,12372,33.38,-123,-29,-19
-7200,6376,12220,33.28,77,-63,-36
-7168,6480,12336,33.33,-456,-96,15
-7080,6284,12288,33.38,46,-150,-96
-7236,6456,12312,33.28,110,-120,-75
-7104,6512,12448,33.24,-141,-58,-32
-7176,6560,12328,33.28,-441,-44,13
-7224,6356,12308,33.33,-207,121,31
-7116,6388,12172,33.33,-7,-106,-33
-7180,6460,12260,33.47,-208,-115,-5
-7196,6288,12384,33.28,-274,-154,36
-7112,6384,12312,33.38,-538,-114,-11
-7192,6416,12188,33.33,-101,-11,-18
-7292,6516,12136,33.33,-511,-82,31
-7168,6464,12276,33.28,-122,5,-14
-7108,6524,12324,33.33,-371,-14,18
-7264,6428,12288,33.33,-177,-10,-16
-7060,6376,12156,33.33,-292,0,13
-7140,6412,12256,33.33,-292,22,13
-7096,6512,12512,33.28,-291,-54,12
-7152,6432,12348,33.28,-389,-48,19
-7208,6388,12152,33.24,-145,-26,-4
-7240,6488,12108,33.33,-318,-41,7
-7176,6424,12248,33.38,-233,-29,-8
-7244,6376,12296,33.33,-372,-46,17
-7092,6420,12424,33.24,-167,-52,15
-7180,6416,12224,33.38,-294,-49,-1
-7128,6256,12160,33.38,-234,-27,-14
-7156,6316,12236,33.38,-240,-14,-10
-7176,6380,12152,33.38,-217,-16,2
-7184,6436,12376,33.42,-282,-38,4
-7192,6436,12448,33.28,-258,-45,-7
-7280,6364,12236,33.33,-222,-65,-1
-7296,6368,12216,33.33,-189,-41,-9
-7136,6524,12208,33.28,-284,-29,-1
-7248,6316,12180,33.38,-240,4,13
-7188,6420,12296,33.28,-250,-67,-5
-7124,6464,12244,33.28,-227,-8,-16
-7320,6424,12276,33.33,-292,-82,18
-7168,6380,12280,33.24,-259,-14,-5
-7232,6380,12348,33.28,-329,-51,-2
-7104,6452,12332,33.38,-221,-3,-1
-7112,6396,12352,33.33,-353,-80,-2
-7256,6516,12364,33.38,-58,-41,-61
-7244,6336,12412,33.28,-232,-80,-17
-7172,6380,12280,33.28,-414,-34,7
-7176,6428,12216,33.33,-49,-17,-34
-7196,6372,12184,33.38,-410,-49,-5
-7176,6408,12232,33.38,-171,-57,-31
-7116,6276,12256,33.28,-257,10,-33
-7196,6376,12328,33.33,-236,-66,25
-7272,6392,12164,33.33,-458,-26,2
-7072,6416,12268,33.28,-235,-8,13
-7224,6424,12268,33.24,-173,-59,-9
-7224,6456,12204,33.38,-520,-53,37
-7172,6336,12320,33.38,-61,-1,-32
-7104,6364,12276,33.33,-259,-45,-36
-7200,6448,12276,33.33,-221,-32,2
-7180,6368,12112,33.28,-298,10,0
-7156,6380,12356,33.28,-269,-67,4
-7220,6364,12332,33.33,-192,-36,-24
-7172,6432,12316,33.33,-295,-50,1
-7256,6356,12340,33.28,-252,-72,-1
-7200,6368,12284,33.38,-268,-34,-30
-7128,6408,12248,33.38,-192,-79,-12
-7144,6424,12304,33.38,-231,-47,4
-7168,6360,12224,33.47,-201,-76,-24
-7184,6448,12244,33.33,-132,-23,-26
-7180,6420,12240,33.42,-292,-52,-2
-7124,6448,12304,33.28,-282,-80,8
-7128,6384,12388,33.33,-171,-16,-37
-7288,6392,12260,33.33,-179,-88,-25
-7256,6408,12408,33.33,321,16,-52
-7304,6480,12320,33.38,-548,-102,39
-7264,6396,12272,33.28,-228,26,-9
-7148,6448,12388,33.42,-309,-61,44
-7128,6480,12260,33.28,-441,-56,-29
-7196,6560,12140,33.24,-320,-56,0
-7216,6436,12180,33.38,-417,-96,16
-7224,6520,12124,33.33,-39,1,-16
-7152,6456,12272,33.28,-197,-68,-6
-7196,6476,12224,33.33,-509,-87,14
-7140,6376,12212,33.38,-139,4,-41
-7116,6404,12220,33.28,-315,-96,-20
-7120,6472,12304,33.28,-105,-13,-13
-7240,6424,12388,33.38,-213,10,10
-7192,6440,12348,33.33,-597,-18,50
-7132,6412,12244,33.28,-25,-42,-28
-7212,6480,12096,33.38,-325,-48,-5
-7196,6348,12308,33.42,-301,-77,3
-7188,6436,12448,33.38,-44,-57,-37
-7256,6392,12424,33.28,-293,-61,-4
-7280,6412,12308,33.42,-118,-23,-4
-7232,6428,12328,33.42,-330,-51,10
-7168,6384,12232,33.38,-223,-46,-15
-7232,6392,12364,33.38,-306,-49,20
-7140,6516,12384,33.47,-182,-49,-1
-7300,6440,12292,33.33,-265,-37,-2
-7280,6496,12160,33.33,-258,-64,5
-7140,6316,12140,33.38,-60,-21,-35
-7200,6480,12332,33.33,-263,-90,-8
-7096,6424,12416,33.24,-251,-40,-25
-7108,6388,12248,33.42,-239,-67,-29
-7176,6324,12360,33.33,-269,-71,-18
-7256,6432,12412,33.33,-184,-83,-41
-7096,6416,12292,33.33,-191,-38,-11
-7116,6468,12152,33.42,-310,-61,-3
-7196,6400,12204,33.28,-208,-42,1
-7280,6312,12232,33.28,-219,-61,0
-7212,6356,12376,33.24,-151,-77,-8
-7140,6364,12252,33.38,-264,-64,-30
-7080,6368,12252,33.38,-201,-39,-9
-7224,6416,12212,33.38,-366,-59,9
-7180,6384,12224,33.28,-93,-39,0
-7180,6456,12196,33.33,-364,-54,13
-7160,6416,12340,33.33,-157,-64,-8
-7164,6448,12248,33.28,68,-33,-61
-7256,6388,12192,33.47,-289,-98,7
-7168,6408,12312,33.33,-302,-6,17
-7184,6448,12288,33.28,-108,-21,-49
-7172,6316,12316,33.28,-247,-80,-7
-7172,6444,12272,33.24,-66,16,-23
-7288,6412,12228,33.38,-280,-59,27
-7044,6476,12296,33.38,-133,-41,-24
-7272,6388,12316,33.47,-485,-85,34
-7112,6448,12180,33.42,22,-3,-44
-7152,6452,12396,33.38,-370,-62,10
-7032,6416,12232,33.42,-242,-33,11
-7208,6376,12352,33.33,-208,-29,4
-7232,6328,12220,33.38,-152,0,-14
-7288,6448,12204,33.42,-482,-48,3
-7196,6296,12336,33.38,-129,-49,-9
-7128,6452,12156,33.33,-223,-35,-26
-7116,6336,12180,33.42,-296,-18,16
-7240,6432,12256,33.33,-248,-69,4
-7228,6340,12312,33.38,-273,-69,-21
-7148,6292,12408,33.28,-117,-38,-27
-7308,6448,12192,33.28,-298,-40,15
-7280,6500,12164,33.33,-244,-24,-10
-7152,6424,12272,33.33,-256,-32,22
-7112,6392,12216,33.33,-241,-47,7
-7088,6468,12332,33.38,-194,-35,-26
-7192,6416,12280,33.28,-352,-28,8
-7180,6356,12248,33.24,-180,-33,7
-7240,6492,12156,33.38,-267,-44,-10
-7188,6308,12256,33.38,-259,-66,6
-7132,6436,12484,33.42,-267,-32,18
-7148,6376,12244,33.38,-223,-32,11
-7188,6436,12260,33.38,-247,-39,-19
-7136,6492,12240,33.28,-210,-72,-22
-7128,6392,12332,33.38,-205,-26,-16
-7232,6460,12328,33.38,-272,-6,7
-7232,6352,12216,33.28,-237,-29,-15
-7140,6328,12172,33.33,-305,-30,0
-7228,6324,12312,33.38,-218,-7,-2
-7160,6496,12156,33.33,-214,-19,9
-7212,6324,12296,33.28,-316,-22,0
-7196,6324,12240,33.33,-140,-14,-40
-7124,6440,12300,33.33,-245,-59,-1
-7176,6368,12216,33.42,-267,-37,4
-7248,6196,12336,33.38,-218,-55,12
-7224,6400,12220,33.33,-218,73,3
-7324,6288,12260,33.38,-285,-19,-16
-6876,6444,12868,33.28,-605,-50,92
-7236,6328,12332,33.33,-134,-60,-6
-7184,6600,12260,33.33,-228,-52,5
-7200,6396,12260,33.28,-207,-46,-5
-7188,6428,12320,33.42,-269,-28,1
-7136,6464,12124,33.38,-183,-33,-3
-7180,6416,12268,33.38,-362,-64,-15
-7232,6412,12300,33.38,-65,-20,-9
-7260,6436,12260,33.33,-315,30,36
-7128,6396,12240,33.38,-108,-1,-16
-7188,6432,12252,33.42,-324,-20,48
-7244,6400,12412,33.24,-211,-12,6
-7144,6408,12148,33.38,-160,-67,-7
-7148,6408,12512,33.42,-286,-66,-18
-7160,6388,12352,33.33,-197,-44,-19
-7292,6500,12316,33.28,-411,-72,45
-7240,6544,12304,33.33,-216,-15,-34
-7112,6476,12204,33.33,-314,-81,-13
-7136,6348,12376,33.42,-158,-58,-26
-7176,6536,12268,33.33,-290,-55,6
-7216,6468,12320,33.38,-242,-21,1
-7180,6484,12392,33.33,-305,-46,2
-7272,6364,12064,33.47,-185,-45,-15
-7264,6448,12232,33.38,-259,-65,13
-7228,6384,12172,33.38,-359,-59,2
-7204,6484,12232,33.42,-328,-31,7
-6452,5760,13464,33.47,-4534,-3054,-5
-7312,5528,12964,33.38,-1224,-6808,-2008
-6528,5548,14492,33.33,-846,-6864,-967
-6356,5032,13988,33.28,-12668,436,3054
-5044,4220,18904,33.28,8226,2348,4701
-7924,4684,14284,33.42,12396,4000,-765
-8100,5588,12536,33.33,-3914,153,854
-6724,5516,13656,33.42,-5890,-857,733
-10248,5464,10536,33.28,-2273,-2312,1230
-1028,23288,13292,33.33,-13212,-1069,759
-4788,2100,13848,33.42,-2924,-3842,-705
-6068,4132,13820,33.33,-2374,-1260,-342
-5448,3872,14176,33.42,-1082,-1197,608
-5180,3796,13728,33.33,-2498,755,448
-4852,2536,13448,33.33,-1267,1712,-402
-3564,-1484,14508,33.33,-1315,2842,-996
-8884,2264,23124,33.42,-3433,1408,-2136
-8260,240,13560,33.42,-23574,5098,7146
-8300,-1996,13888,33.47,-1052,-275,-6316
-5996,3476,15004,33.42,4279,-2011,257
-7632,1152,15484,33.38,-2264,-2632,3831
-5856,2540,12416,33.38,-2955,-2288,-1587
-6920,872,16868,33.38,-3207,-4197,1310
-6152,64,15632,33.28,395,-6461,803
-4920,1456,14032,33.33,1986,-6686,-386
-5272,572,14788,33.38,1050,-7355,56
-4200,964,13848,33.38,-763,-5445,610
-3828,876,15712,33.33,-812,-4947,1102
-3748,684,14932,33.38,-934,-5695,804
-2888,792,15872,33.38,-528,-6023,582
-2760,-228,15604,33.42,769,-6615,926
-668,3684,14200,33.33,-834,-4485,1096
-1352,600,15564,33.38,-3130,-6014,1305
-1400,-536,16328,33.38,-808,-7087,601
-712,-104,14748,33.33,-1776,-7160,-2184
312,184,14916,33.42,-1691,-5293,-2108
896,556,14776,33.38,-1231,-2801,-1009
1208,372,14844,33.38,1540,-2071,-1202
912,160,15828,33.47,-229,-1199,-855
1116,112,15936,33.38,-416,-1032,-1379
1188,280,16816,33.42,430,-1856,-1770
1356,168,16500,33.47,750,-3549,-798
1888,172,16028,33.47,-713,-2443,-514
1824,-168,16956,33.47,-64,-3384,-1111
2544,160,14324,33.42,-1045,-2408,-664
3084,384,14312,33.38,431,-865,-307
2196,-680,15832,33.38,-1,-1235,-405
2428,16,15484,33.38,-417,-320,-1366
2636,396,15876,33.28,780,-1656,-2601
2832,640,15364,33.47,14,-1522,-1170
3012,748,15652,33.38,-1288,-1263,-424
3000,480,14620,33.33,-1273,-782,71
3484,772,15440,33.42,176,-880,28
3224,-80,15284,33.33,-429,-123,-528
2888,-216,15208,33.42,-1262,1307,-1742
2828,52,14704,33.42,-177,1988,-2459
2212,676,15108,33.33,-236,2580,-2517
2308,612,14664,33.42,-8,3725,-3167
2028,244,14056,33.38,329,4941,-2947
980,132,14444,33.42,-121,6831,-3027
1420,2568,15980,33.42,827,6770,-2007
200,376,14820,33.24,1739,6121,-3165
108,2516,14880,33.42,1040,8693,-1188
-1884,-64,17160,33.38,-714,8521,-1613
-2336,596,17380,33.33,-3051,7123,-2578
-2448,284,15316,33.38,-10,6907,-2454
-2732,1136,16272,33.42,452,6995,-1436
-3664,-24,16380,33.38,-1956,6795,-1872
-4520,-1084,17192,33.42,60,4450,-3350
-5144,-1080,17388,33.38,2793,1765,-4739
-6228,-2892,17080,33.38,5699,-2268,-5761
-4776,1096,16144,33.33,6436,-5115,-6536
-3520,1232,15144,33.42,6603,-5548,-5620
-4124,1056,16424,33.42,12100,-8307,-7172
-2612,3276,15140,33.33,12478,-10883,-7070
-504,5612,10980,33.38,32149,-13727,-6880
92,9248,13268,33.38,31989,-13293,-4402
464,9708,10928,33.38,5767,-7831,343
1896,11744,8364,33.38,9098,-5172,-3
1744,12236,9996,33.38,3511,-1830,1951
2784,15044,8460,33.42,-2836,1382,4371
3580,15740,6060,33.38,-7512,6183,12189
1648,11488,5784,33.47,-11247,14761,15486
-984,8648,10520,33.38,-11551,20784,16981
-1636,3360,8908,33.52,-12948,24123,13298
-6640,4240,19048,33.42,-11151,20677,11284
-6832,3948,19472,33.38,-5439,15801,10386
-8048,1748,19764,33.33,2703,6467,4410
-8656,1608,24024,33.47,-11036,-3993,-2206
-4548,2164,12092,33.33,-5813,-9508,-18018
-4488,2544,15344,33.47,-7398,-11793,-20637
-3500,6276,14616,33.42,11351,-18927,-15586
-836,9060,13772,33.42,8687,-15824,-15562
2132,10220,9000,33.42,2898,-6499,-6514
1824,9840,9344,33.42,-6431,2316,-3157
560,9412,12560,33.38,-11163,6919,2227
-888,4132,8512,33.42,-20262,12997,6090
-2572,6068,15152,33.38,-13633,17365,5901
-5852,2144,9488,33.42,-6321,23174,11708
-9088,1836,14452,33.42,-15424,28632,14788
-12112,-1684,16656,33.38,2048,17593,17256
-11812,-2912,13532,33.38,9276,13090,7670
-11716,340,17716,33.33,-1786,8741,325
-12724,-52,22360,33.47,-1235,-5106,52
-16820,-5936,20932,33.42,3127,-28658,-13173
-13208,-2392,6688,33.42,6753,-29832,-16683
-5604,6144,8072,33.42,7001,-21324,-13528
-336,10040,6524,33.42,13035,-11889,-3462
-1104,7112,7092,33.38,3875,4428,1197
-2760,7964,7060,33.47,414,16739,6263
-8020,3556,7920,33.42,-542,27622,6396
-9336,6088,17956,33.38,-8319,25779,6089
-10612,2044,20864,33.47,-5339,13115,9255
-12156,-1388,17604,33.38,-2460,867,4177
-12048,-2044,18816,33.38,-1964,-7089,-6676
-11800,460,18868,33.47,-4251,-18531,-8590
-7800,2252,7792,33.47,14899,-24083,-9474
-3140,7420,5904,33.42,9288,-11303,-11870
-4952,4820,9372,33.42,5483,-1691,-9879
-6324,8260,8596,33.42,12389,3753,-9164
-4444,8992,4228,33.47,-443,18477,-5289
-6732,11024,14140,33.38,-11734,22226,2591
-6520,9552,9820,33.42,-5706,14802,191
-8612,10384,14528,33.47,-15551,9568,14187
-13332,-848,13932,33.47,-14471,55,23411
-14116,-7088,21232,33.38,-2326,-12412,11058
-11084,1516,14884,33.38,12729,-26937,7447
-7972,-536,9192,33.42,6298,-24223,-3053
-6052,4668,8372,33.52,-25455,-11814,-18455
-2504,10828,10408,33.42,5233,-2461,-20412
-6896,3940,14024,33.52,-924,2277,-16344
-4564,7756,12136,33.42,7486,8571,-14038
-6368,8196,17028,33.52,-22806,15359,-2935
-7588,-1852,8912,33.47,-22189,8967,3167
-6256,5348,13292,33.38,2450,8383,7577
-9768,-1420,18992,33.42,-5987,480,13760
-9636,-3820,15152,33.42,29397,-2819,4666
-7700,4096,16320,33.47,-11525,-3921,8135
-8156,-2068,11564,33.47,-11602,-6644,7449
-7044,120,12956,33.42,-17499,-3109,2490
-7352,-3112,13988,33.52,-32768,-1429,4935
-6072,-1756,11776,33.47,-32768,599,7249
-8064,-8156,9508,33.47,-32768,7697,7133
-7780,-14800,2864,33.47,-29529,6126,4887
-7200,-14836,5464,33.47,17932,-396,-7770
-7596,-12568,3824,33.42,3033,-1950,-643
-7856,-15356,4116,33.52,-3728,-190,1838
-8204,-18184,4980,33.33,32767,-4619,-7883
-5664,-9104,4948,33.47,32767,-10518,-14331
-6676,11236,19268,33.52,32767,-8596,-2481
-5804,3604,17032,33.47,-13932,2589,614
-8280,-20,16740,33.38,-32768,4694,-8590
-5916,-1840,13624,33.47,-32768,5667,8597
-6008,-7144,10556,33.47,-32768,6124,9425
-7876,-12560,4640,33.42,-32768,9417,12266
-9236,-17860,3880,33.38,-20140,2534,6020
-9088,-16208,3896,33.47,10246,-1799,-4060
-9336,-18552,4728,33.42,32767,-10527,-24281
-7224,-5736,9420,33.42,32767,-18214,-5520
-1120,6064,9972,33.47,-3548,-2432,2530
-4796,332,13756,33.42,-6750,2938,474
-6792,-3184,17860,33.47,-17533,793,-1325
-4748,312,16820,33.38,21210,-5544,2587
-3964,4236,14428,33.47,13788,-7408,1035
-4064,716,13936,33.38,8306,-4501,551
1572,3564,11884,33.47,32767,-12407,5638
-1168,10468,7608,33.38,26100,-14562,-1005
-32768,-32768,25692,33.52,32767,4873,-32768
-2124,13776,5468,33.42,10866,-5190,-144
-1416,14232,5064,33.42,11678,-3790,1727
5004,9180,-22324,33.42,8017,4128,-12654
-1916,15780,68,33.42,16362,347,2685
-1500,16492,-560,33.52,10226,600,2292
-828,17828,-624,33.47,14285,1923,3308
-3680,14140,5536,33.42,32767,-20421,3760
-1376,11608,-9728,33.38,32767,-6548,-1777
-3172,10392,-5524,33.52,23156,-17549,14552
544,14856,-12632,33.47,4711,3251,1180
440,10856,-11440,33.42,-3105,9182,4488
364,12664,-11496,33.47,11961,5499,3487
-48,12404,-11184,33.47,12157,5645,5221
1852,8660,-12320,33.47,41,5064,-781
1576,11824,-10436,33.38,2897,-77,877
-1244,9580,-10096,33.42,19144,-24627,-154
-1308,5704,-12492,33.47,4923,-6933,11741
-2000,-2532,-21608,33.47,9942,-3881,-8239
-3008,7460,-13080,33.42,-4989,-4215,5488
1952,11788,-12884,33.38,-15083,-4774,6714
-752,11448,-16244,33.42,5152,-5129,7057
-2324,6392,-14720,33.47,6910,-2991,-532
-1548,6436,-12208,33.42,4677,-5115,1650
-1828,6236,-14368,33.47,10319,-9056,-87
-2428,2280,-16748,33.42,25645,-9805,-10432
-3852,2736,-17280,33.57,10499,-5292,2302
-3864,10116,-16964,33.42,22878,-2664,-2689
-8984,7924,-18972,33.57,32767,-15037,-8980
-5008,-2792,-12300,33.38,23218,-4383,-1884
-7188,-11500,-11672,33.61,6335,16284,5624
-5356,-10704,-7800,33.57,32767,-6165,-6911
-5136,-8336,-10024,33.28,21147,-7324,-3102
-6872,-21048,1116,33.52,31724,-21584,-4767
-8800,-12376,-11052,33.42,18462,-3955,-1928
-3084,-6300,-10848,33.47,32767,-9758,-32768
6852,-12828,-20192,33.38,32767,-29054,-704
-328,-12096,4272,33.57,7955,11878,7327
-2580,-14876,11224,33.57,18869,12140,408
1040,-13252,13828,33.47,16100,6295,-2857
-2228,-11656,13536,33.42,9604,5118,5728
-2352,-12572,11516,33.52,32456,-305,-5799
-3100,-6828,13396,33.47,23209,3079,-2431
-1404,-4432,15684,33.47,2509,9978,2703
-5388,-10068,18836,33.42,7480,-2868,1863
-2368,-1580,11468,33.47,4373,-2394,-97
-3120,-3036,13300,33.42,-1069,3377,-1304
-2296,-4164,17624,33.47,-4554,6146,-2110
-3476,-5112,13876,33.47,-10360,1587,-6417
-2836,-4456,12448,33.42,-16060,5238,-7172
-3984,-7156,14176,33.47,-10775,4123,-5602
-3740,-9264,11000,33.42,-24909,5451,-3401
-4912,-13272,9944,33.57,-30971,13923,804
-5840,-14748,5428,33.42,-32768,16973,577
-7112,-19944,5976,33.42,-32768,14508,-12444
-4160,-17652,-3904,33.52,-32768,12679,-3556
-3944,-13444,-7076,33.52,-32768,8217,7652
-4080,-9904,-10892,33.38,-32768,15118,5559
-4696,-7608,-16944,33.57,-32768,9547,9427
-2988,-3308,-16944,33.42,-18756,8304,902
-1064,892,-15956,33.52,-32768,16462,6024
-1112,-660,-16188,33.47,-20148,12008,4339
1144,2784,-17564,33.52,-10012,9383,1851
2336,3892,-16964,33.42,-17353,10985,3840
2900,5928,-16324,33.42,-10817,8102,5784
1944,6912,-13116,33.52,-17555,8962,11467
4420,9272,-16892,33.38,-6933,179,772
3740,5312,-12552,33.47,-11044,4446,2594
4176,9184,-11420,33.47,-16785,11171,3090
6356,10036,-12960,33.42,-16702,11038,2446
7052,14004,-11708,33.47,-6055,1773,-2301
6296,11752,-8616,33.47,-28735,13649,1204
7572,12328,-5140,33.42,-32768,20767,-4074
7952,14068,-4116,33.57,-19517,10480,-323
7468,14440,-800,33.47,-12925,8376,1958
7252,14544,3200,33.47,-26645,13757,2046
8240,11180,1344,33.47,-18017,7446,4269
7896,13876,4448,33.42,-12061,10109,1428
8148,12852,5348,33.52,-17987,10352,3191
8488,10168,6212,33.42,-17623,6471,4565
8496,11392,7092,33.42,-14730,9163,3532
6884,9616,10900,33.47,-11876,8741,-651
6948,9404,11072,33.57,-13826,11819,1196
5876,7196,12452,33.47,-6505,7587,-429
4320,8296,15340,33.52,-1682,9266,-2044
4256,10144,12092,33.47,-619,5939,-3112
5332,3888,10872,33.38,-252,-357,-1823
4816,7856,7564,33.52,-1950,2841,5327
4492,8020,15028,33.52,402,2667,387
4292,5904,19392,33.47,5087,-8227,-3069
5924,5120,12096,33.47,1051,-6324,-14557
3840,10524,7248,33.57,13190,-6679,-8544
3484,6348,10512,33.47,-4127,10453,-10241
2964,9072,12048,33.52,-4086,16040,560
1024,10076,16580,33.47,1670,-1037,389
3996,5996,9900,33.42,-7494,-2516,-2995
3256,10028,12268,33.47,7051,-6240,-3032
3352,9368,11476,33.47,-2189,1678,1065
5056,9800,13324,33.52,-1512,7984,-288
4192,7364,13676,33.47,-4054,76,3100
4316,6188,14504,33.47,-2846,-2885,4184
3224,8252,11324,33.57,-2099,5113,2186
2660,3344,18364,33.42,-2584,2072,821
3700,11812,14032,33.52,-5094,-2730,-329
3084,12432,13736,33.61,-15676,-3902,1600
3436,5564,14176,33.47,-15980,-105,2625
2752,14804,16428,33.52,-28042,6013,2240
4352,1324,13464,33.52,-32768,716,922
5196,-148,15168,33.57,-32768,3320,6293
3864,-7912,13416,33.52,-15437,1184,1721
3000,-7376,14236,33.42,-4758,883,596
2324,-6044,14012,33.47,-7732,578,2102
3408,-7928,13140,33.42,-14866,1088,1187
3144,-9376,12680,33.52,-12160,3281,1315
2300,-10216,11168,33.52,-17391,2731,3759
2636,-8548,11344,33.57,-11804,2155,3306
1660,-9960,11064,33.47,-24483,3245,7047
1000,-13944,8540,33.52,-25112,5341,4261
-84,-15008,5972,33.52,-29103,5365,7825
-28,-15516,4640,33.61,-23404,6022,4052
-1052,-16544,5032,33.47,-14488,1276,4319
-2540,-15904,-2896,33.52,-1496,-1103,620
-2068,-18712,3208,33.47,-10005,1134,984
-1440,-15880,268,33.57,1789,-170,27
-2120,-15904,1600,33.47,-2325,-3708,1305
-1896,-16736,728,33.57,-7347,-1130,4468
-2468,-16584,-120,33.57,-7183,1352,2722
-1872,-13704,-56,33.47,-32768,-325,6879
-2204,-16204,-7480,33.47,-32768,-3513,2946
-3768,-15772,-9876,33.42,-6514,-2600,2711
-5864,-12996,-7788,33.47,-11935,-5845,1834
-3620,-14300,-12032,33.57,-32481,-780,3090
-5520,-7400,-12004,33.52,-13619,-2592,497
-5416,-10616,-14808,33.47,-14283,734,7609
-5764,-9388,-13776,33.61,-8116,-1645,5820
-5916,-5372,-13092,33.57,-28345,-4131,7272
-7244,-5596,-14468,33.47,-11586,-2945,4214
-6480,-2116,-12188,33.52,-18865,-5651,5864
-8340,-3124,-16460,33.52,-14695,-4355,2817
-8048,-1476,-15068,33.57,-1453,-3069,3137
-8156,-1568,-15480,33.42,-5820,-5124,2805
-8844,-1528,-15356,33.57,643,-2320,-145
-9232,-1964,-16056,33.47,8041,-366,-1602
-6800,-2744,-24176,33.47,22403,8508,-1774
-7824,-9700,-17288,33.52,32767,1538,-9128
-8640,-12520,-12868,33.47,32767,-2859,-20497
-3860,-10580,-5904,33.52,30719,-7134,-15721
-3328,-14268,-1540,33.47,20818,-6427,-9798
-3256,-15796,1380,33.47,32767,-8462,-16498
-96,-12892,5232,33.47,32767,-9137,-11283
112,-15132,7004,33.47,2403,-3796,-4046
788,-12540,9596,33.47,9531,-6069,-1669
404,-15564,8128,33.52,32767,-14401,-14223
3004,-10432,9232,33.47,32767,-13935,-14777
5668,-3288,11292,33.52,8248,-3081,-3701
5044,-10328,15308,33.61,31070,-8285,-8738
6832,824,9520,33.57,32767,-12086,-17547
7300,6124,5008,33.57,32767,-19063,-20018
8360,10316,6148,33.52,10846,-2323,-4683
6956,7504,7136,33.52,-2715,5736,-7519
5268,10132,11628,33.47,-32768,13086,-12406
6720,11192,13388,33.42,-32768,4107,310
5388,4304,16232,33.52,10101,-1303,-840
6300,10444,13232,33.47,3225,1384,2002
6584,7440,13916,33.52,-32768,7582,15909
2680,-5864,11972,33.52,-32768,12675,20967
1976,-11940,7516,33.47,-32768,11757,19697
516,-16736,9416,33.52,-21601,6008,10037
100,-11216,8164,33.42,8284,-1486,-944
416,-18132,12488,33.47,32767,-9172,-11958
-896,-6812,7776,33.52,32767,-26704,-32768
10416,13168,-1404,33.57,26555,-18713,-7560
6892,11656,9396,33.47,-21682,12580,8093
5768,12548,10672,33.66,-32768,2450,15972
848,-9652,14032,33.52,-32768,24371,27994
-500,-17016,11064,33.61,-32768,11858,14888
652,-18372,12924,33.47,32767,-9410,-12560
40,-9004,10464,33.47,32767,-26155,-32768
12980,14976,3908,33.57,32767,-10734,10780
7320,9368,10252,33.42,-32665,88,1927
3236,3204,5144,33.61,-32768,11835,30229
1680,-13272,13876,33.42,-32768,13246,21710
612,-18832,12652,33.52,-898,407,162
32,-18224,13772,33.52,32767,-19473,-29397
6868,13596,-10520,33.47,32767,-15684,-32768
6496,11724,10344,33.47,-447,2502,1034
5200,8804,10368,33.52,-15565,9296,5112
5668,26056,13484,33.61,-32768,7482,29230
2412,-12132,10556,33.52,-32768,23659,26073
-752,-17916,10020,33.47,-31794,9356,10024
-336,-18576,10464,33.47,32767,-9408,-18913
-3656,-13000,7572,33.52,32767,-27822,-32768
2340,10384,19564,33.52,32767,484,1499
4592,7216,16532,33.57,-32768,1646,1271
8456,1988,7276,33.57,-32768,16118,29340
1068,-14648,13208,33.57,-32768,8724,14469
1164,-15740,10684,33.57,-20251,5047,7412
316,-16028,13836,33.52,32767,-8482,-22701
-948,-3448,4440,33.47,32767,-32768,-32768
2932,10620,15740,33.52,10844,462,-300
4060,10392,13316,33.47,-16356,9119,1137
5712,10680,17868,33.57,-32768,3442,2142
3604,-9484,8216,33.52,-32768,16165,28146
2032,-8992,10284,33.52,-32768,10821,14752
508,-15488,12872,33.57,-7721,3073,961
-332,-17008,10848,33.52,32767,-10768,-27588
32767,32767,23724,33.52,32767,774,-23397
7548,6396,11480,33.57,-32768,-3918,3427
60,-3012,14224,33.57,-32768,8341,19224
1700,-9448,12536,33.52,-32768,19166,23602
332,-13976,12728,33.47,-6374,1794,1029
-792,-15180,12264,33.57,32767,-10862,-25884
5020,10376,4500,33.47,32767,-4092,-14087
3768,7384,13860,33.57,-29784,5542,-587
1628,1292,16080,33.47,-32768,7505,20261
508,-13344,9092,33.47,-32768,16076,25489
-596,-15108,12220,33.47,-430,1890,2752
12,-9620,7156,33.47,32767,28,-4771
-1328,-2196,11792,33.52,32767,6941,-5800
-1924,-3772,13960,33.57,21261,11357,-3032
-3460,-4528,15432,33.52,6239,14815,2218
-4696,-6724,19208,33.61,-1772,6910,3148
-5372,-5952,20220,33.52,683,2712,2437
-8496,-11284,30204,33.57,-4566,-18420,-2016
-5204,-5308,14752,33.57,30593,-32768,-7973
-68,-2900,8592,33.52,6282,-32387,3535
4956,-1836,1872,33.57,1677,-11424,-5209
7496,1472,1660,33.61,-350,7855,-1679
3248,-232,712,33.52,-5111,28094,-954
-4720,1528,6948,33.57,4326,32767,1444
-10760,-5520,32767,33.61,-5122,32767,7655
-9884,-7184,32268,33.47,-3610,-5120,-1529
-5976,-1656,25880,33.52,4918,-24115,-4456
-3076,-2496,7624,33.57,7567,-32768,-1210
2492,-300,8624,33.57,25452,-25344,3118
2512,-2936,6344,33.57,24354,-13795,-873
5404,4784,4260,33.47,-29797,13357,-3076
1716,372,712,33.66,-32768,32128,-384
-6996,-1812,13956,33.52,-2588,32767,6431
-10924,-12072,31100,33.47,-8569,23900,5396
-10132,-5288,32767,33.61,17287,-12723,-6723
-10420,-120,24644,33.52,8159,-32768,-1781
832,892,4748,33.57,14198,-32768,-650
4304,660,4620,33.52,13052,-24510,4861
6872,3024,1092,33.57,4578,-3647,93
5144,1700,-136,33.57,-26555,20025,228
-1264,644,292,33.52,-17114,32767,253
-10500,1172,18800,33.57,-9917,32767,6441
-14808,-11900,32767,33.57,-2696,11368,5474
-10672,-2704,28664,33.57,14757,-24613,-8415
-7656,-164,17728,33.57,3386,-32768,-1697
708,-2376,1900,33.57,32767,-32768,5308
6808,3304,972,33.57,8077,-10295,-882
6544,4136,-740,33.66,-14057,13707,-800
-640,-8,-3420,33.57,-23837,32767,-2939
-11344,1740,16252,33.57,-8323,32767,1863
-15788,-8180,32767,33.57,-11166,20002,6188
-13328,-3036,26316,33.47,10099,-24194,-7695
-6684,5396,20976,33.57,22108,-32768,3135
-4624,-9004,0,33.47,10976,-32768,3295
9892,8752,-224,33.61,-375,-10077,-6339
7268,4856,-312,33.52,-1677,10039,2499
164,72,-2720,33.57,-7518,32767,4416
-9572,-1736,11364,33.66,-18980,32767,-834
-12020,624,32767,33.52,-6243,27721,-710
-11036,968,32767,33.52,8239,-11804,689
-13572,-1192,32767,33.57,-248,-32768,2491
-3236,2340,4528,33.57,11175,-32768,2423
6236,900,-3448,33.57,14558,-22476,-100
8608,5208,-2328,33.52,-2253,6223,-550
3128,4424,972,33.57,-4742,28250,6383
-8036,-2212,3760,33.52,-3287,32767,1556
-15248,-1772,25652,33.52,-31669,32767,-1930
-16476,-1016,32767,33.52,-5256,-1746,-1381
-11648,1284,25756,33.61,32699,-32768,3949
-8252,-1128,11484,33.52,-1966,-32768,8467
2820,244,-560,33.57,18121,-28376,-3898
7748,8588,1208,33.57,701,-8098,-5619
5996,6924,-4824,33.57,-12461,16765,292
-5096,4476,-5220,33.57,-12896,32767,1893
-15048,-564,30904,33.57,-11360,32767,-513
-12144,1052,32767,33.52,-11863,11699,-5105
-11736,1208,32767,33.61,7648,-24637,-1011
-10664,-2992,12144,33.66,16390,-32768,-492
2464,2020,-6348,33.61,4532,-23247,-8681
6720,9804,-2380,33.52,-11437,13877,-8877
-4552,336,10476,33.57,-4643,30968,-7803
-7492,6096,20980,33.47,-1186,24826,-11957
-3992,12344,8368,33.61,-4517,21116,6416
-8032,9572,22180,33.52,-8798,19638,11237
-11040,6980,18640,33.57,-27979,4632,25403
-13604,-5160,18180,33.52,-2384,-1983,26718
-11132,-4640,19268,33.57,-3875,-16069,13195
-9716,-832,23204,33.57,-11150,-32027,10769
-9720,-7540,8984,33.66,9351,-29692,-9985
-3040,3260,10980,33.57,336,-16311,-24182
-644,4616,4812,33.52,20842,-11150,-29959
10244,25392,13556,33.52,19734,-644,-24531
-1236,5888,6112,33.57,8536,6775,-14998
2992,13888,-248,33.57,-18150,24636,-13852
-6920,9640,10652,33.52,-10036,32767,-4908
-12524,5936,23220,33.47,-6790,20157,214
-8964,9780,14816,33.57,-15034,6855,11459
-8464,9608,14204,33.66,-12513,892,20936
-12128,636,16060,33.61,-6702,-4751,28172
-10152,-1916,18684,33.61,-24987,-10362,19654
-7508,372,16968,33.66,-3706,-19793,3061
-6420,900,20408,33.47,-2387,-24187,-2756
-4296,1904,9408,33.57,1224,-20771,-10988
-2640,560,9444,33.52,12033,-12179,-19400
1432,10824,12888,33.52,1461,-8867,-16591
880,7180,9748,33.57,12215,-924,-9575
-1024,6396,11140,33.57,-4664,8736,-17265
-1236,10336,15896,33.61,-4236,10745,-11627
-4060,1884,7596,33.57,-2976,17257,-12851
-7484,4204,18412,33.61,-3126,17094,-12656
-9476,736,19948,33.57,5228,12568,-14386
-10184,3468,21072,33.57,8071,-3108,-12232
-7092,7112,13128,33.61,10949,-14778,-9235
-4768,9588,11780,33.57,-2567,-17821,-2374
-3120,10800,14148,33.61,-6978,-18200,7394
-1612,8796,15180,33.57,-11053,-14382,9059
-1388,2204,10960,33.71,-15859,-7039,4848
932,8608,13484,33.66,-8459,-6113,15062
-3888,-8032,5168,33.61,-17912,4447,10481
-2368,3080,7656,33.66,-5372,18957,8259
-8824,-2644,10160,33.57,3234,28494,9885
-11796,2472,12092,33.57,-3588,32767,7418
-12008,10000,22096,33.66,-4256,21775,20500
-14912,-3696,15232,33.66,6088,4169,21288
-10952,5012,17324,33.66,4430,-3173,21889
-11188,2560,17012,33.66,5649,-14640,28668
-9928,-1012,14740,33.47,1218,-16193,16259
-9592,-1528,17800,33.61,630,-21106,2775
-8532,-1516,16960,33.61,1018,-23673,-8481
-3564,11864,12776,33.66,5954,-25496,-12373
-3192,-432,5332,33.52,30609,-22831,-6736
-520,8776,8404,33.66,17854,-8012,-17812
-620,3700,6824,33.57,13044,-12710,-19207
-792,14388,4320,33.57,10983,3030,-19115
-5484,8316,9716,33.57,6227,10576,-26830
-7460,13276,17552,33.57,-12629,9120,-20581
-8920,12984,13364,33.57,-4546,-3661,-10891
-6072,16984,10224,33.71,3397,-11470,-3217
-5812,17204,12748,33.57,-4576,-17371,2078
-4116,16736,9056,33.61,-8260,-16975,4003
-4,17544,5084,33.66,-8170,-15719,8516
-536,14776,9960,33.61,-14716,-10409,21235
-196,376,8892,33.66,-18247,-8185,2471
5464,9180,11140,33.61,-13727,-6955,5413
2896,1964,6248,33.61,-12825,-2101,6597
3008,5720,13008,33.61,-13212,8855,1727
1660,4064,11824,33.66,-16529,10396,5174
244,732,9116,33.75,-15719,17193,1649
-2208,2260,17148,33.61,-11106,17908,7683
-6196,-4148,14172,33.57,-4593,18431,1292
-5308,3420,12024,33.57,9256,23560,-6544
-7916,9828,15124,33.75,-2811,28719,7839
-11820,-440,16716,33.57,-13709,12045,17298
-9316,7628,12804,33.57,-3327,7476,16822
-11452,3408,14872,33.57,812,4860,27165
-13044,-172,21204,33.57,-9718,-8197,28001
-13168,-5364,15384,33.57,5403,-20597,18399
-7104,2896,15628,33.66,14121,-19444,5072
-5428,1752,12824,33.52,9196,-20702,3921
-4228,1844,10940,33.61,6687,-14972,-9414
-3096,4920,13224,33.61,16504,-15240,-16138
-1376,11372,11096,33.61,13977,-12364,-11507
-948,3848,5580,33.61,11366,-6771,-12084
-3996,6648,6092,33.52,23328,930,-29981
-3164,14792,2404,33.61,32767,1691,-32768
-7988,18384,10544,33.57,16455,285,-20278
-8444,17788,12784,33.57,-13027,-8159,5521
-4980,15412,5552,33.52,-4540,-13205,-1367
-4472,17988,7364,33.57,-8357,-12043,7129
-2988,16928,8596,33.71,-8211,-12788,7429
-1644,13916,6952,33.57,-13248,-12005,8833
-104,13612,6108,33.57,-25506,-8692,7106
1360,12908,8700,33.57,-24014,-4385,9559
184,6476,11964,33.57,-16563,-4476,-329
3524,10884,10440,33.57,-32768,2730,11362
-1180,-4704,8816,33.57,-32768,14368,13075
-1128,452,13328,33.52,-4383,10520,2466
-1688,-1776,8504,33.52,-3318,16960,5919
-4828,3256,11224,33.61,8677,27202,4335
-9176,1728,16392,33.66,2637,25797,10316
-12428,-3652,17184,33.71,-7468,27330,2511
-9876,8300,14156,33.66,2388,17677,8751
-11548,4048,14612,33.71,-5215,9356,15199
-13980,4868,19720,33.57,-7315,-2009,19432
-12680,-880,14468,33.71,-4806,-12273,21420
-10572,2344,17256,33.66,1516,-22012,14070
-9420,-280,16380,33.61,14115,-25721,12017
-6756,-1688,12476,33.52,28076,-23727,1629
-3468,9452,11084,33.75,32767,-26755,-9002
-1808,10592,7900,33.57,8488,-18164,-492
-1752,6916,5344,33.52,7485,-13353,-8695
-3612,8016,-604,33.61,14264,-4067,-21050
-1368,17748,4348,33.66,19081,5199,-17100
-4904,19740,6420,33.66,6936,-4125,-18232
-5176,20140,2388,33.61,-10626,3897,-10098
-7012,17912,10520,33.57,-10312,-6774,1800
-2164,21928,4224,33.71,-27101,-10285,945
-8456,10792,12240,33.66,-17347,-19837,1278
-3656,12684,7272,33.61,-15228,-23461,3371
2180,12160,8860,33.57,-17214,-25660,5209
3976,12436,7108,33.71,-26366,-16571,17582
2148,-1268,7140,33.66,-5283,-6449,7903
4812,7640,14520,33.66,-5835,-6330,6019
4824,5168,14232,33.71,2019,-3268,9713
5120,4600,11872,33.66,-4026,-945,8439
6060,5628,14040,33.71,-4626,-314,5271
5828,3620,13488,33.57,-4554,-113,6387
5972,3548,14780,33.66,-2302,-902,5332
6528,3688,13732,33.47,-2828,-663,4105
6732,3380,13536,33.75,528,-1083,4165
7036,2300,11280,33.75,-856,1177,3994
6448,1912,11488,33.71,-4325,6119,2801
4468,476,10120,33.57,8499,11463,-4299
4828,3832,4560,33.61,21990,24304,-15907
-532,7488,8120,33.71,-378,32767,-9052
-8744,1828,15200,33.66,-3197,32767,-15591
-10284,7528,16392,33.61,-2562,28431,-15986
-11480,7868,19368,33.57,-17494,18461,-1953
-13644,2192,16048,33.57,-4430,2700,-2774
-10016,5588,11916,33.61,3044,-304,196
-9364,3996,12256,33.66,2568,-108,3017
-10316,2228,11932,33.61,-2513,1105,169
-11164,3920,13676,33.61,-1655,-220,-868
-15616,3288,27668,33.57,-4764,-11053,-1919
-17716,880,17824,33.66,-12815,-32768,663
-5744,5912,7740,33.71,7170,-32768,3016
132,592,4352,33.66,7249,-30140,4428
1772,520,10888,33.57,1835,-23516,10364
3192,332,11712,33.75,10779,-11432,3798
3456,1880,14852,33.75,3469,-8420,1831
6000,4040,11884,33.71,6624,-7755,1497
5620,5376,16732,33.66,-1569,-4802,2654
6112,2648,12160,33.61,-5301,-5930,2011
6836,4088,14040,33.61,-48,-2403,1926
6656,2236,11756,33.66,787,-2764,1567
7424,2612,8908,33.66,3534,2570,-663
7176,2500,5324,33.57,-886,12327,1432
3352,1484,-3268,33.61,27767,32767,-14102
-7300,4780,7288,33.57,-538,32767,-22917
-17756,2236,24624,33.75,-20795,32767,-9927
-16224,8580,28496,33.71,2480,9073,-7532
-11776,7232,16080,33.61,2243,-2940,3119
-7636,4952,9620,33.61,1357,-726,5569
-9516,2484,12472,33.66,-7088,730,2247
-12320,4400,16532,33.61,-12561,-1838,-2399
-13284,6316,20900,33.66,-7276,-15376,2251
-11724,7276,21416,33.57,9908,-32768,7897
-7068,-96,13032,33.66,6466,-32768,12205
-956,5500,5892,33.75,7401,-32768,6342
4496,4528,4812,33.71,2541,-25798,6663
6040,6960,10496,33.57,2248,-10381,3921
6112,4728,9656,33.66,2079,-5943,2177
6720,6936,13788,33.61,10579,-1804,-1302
6772,5360,11272,33.61,393,-4241,726
7972,8196,12408,33.66,4085,-3192,330
7696,6148,10748,33.61,1328,-2290,-133
8020,6808,10552,33.75,438,-28,232
7460,6840,12108,33.66,-2247,759,382
7880,6392,10520,33.57,-2940,2017,-814
8152,6416,8832,33.71,1123,6115,-1439
6564,2832,4260,33.66,-13400,15869,-1381
3528,4092,-2860,33.66,-447,32767,-14663
-10300,2100,9392,33.75,-8731,32767,-17723
-16952,5168,21576,33.71,-31225,32767,-8510
-18172,2084,28312,33.57,-13253,6675,-4415
-10868,4152,13132,33.61,7668,-4429,-2967
-8756,3276,12852,33.66,2313,-3680,916
-9924,2100,14404,33.61,-299,-3443,-136
-12348,2020,21792,33.57,-6097,-7666,-1883
-14304,1784,20804,33.61,-5288,-30131,5518
-10056,376,17008,33.57,17073,-32768,7724
-1956,-488,9164,33.71,12714,-32768,13598
4048,1392,2644,33.66,17542,-28700,5081
6600,4208,1972,33.71,16147,-13238,2815
6432,9268,11576,33.61,3959,-1812,558
6616,9408,10820,33.71,-2255,1347,-611
6396,8780,14232,33.71,-656,-1375,1997
7188,8072,11996,33.66,-3502,-4205,1141
7736,7756,10936,33.61,3257,-2046,2373
7408,7112,10984,33.66,-5818,-2409,1668
8544,8004,8960,33.66,3992,918,39
7648,7224,10376,33.66,-1346,3463,1556
7432,6676,11040,33.66,-5853,5376,681
7132,5372,8836,33.57,-4626,8860,-1515
5836,244,104,33.71,-7007,20641,-8024
616,108,-6296,33.66,-7103,32767,-24966
-12648,2936,8148,33.66,-22085,32767,-12248
-21924,2280,32767,33.71,-17526,30308,-10637
-14984,3300,19684,33.61,459,-3506,-3253
-9260,4388,14708,33.61,4917,-8543,315
-8052,2748,12856,33.66,1805,-7363,1674
-10952,4144,23096,33.66,-5038,-13861,2722
-10544,7404,23360,33.71,1837,-27959,7942
-7392,-1880,13024,33.71,20050,-32768,14474
-16,-1096,9644,33.61,17449,-32768,10383
6180,4056,3700,33.61,22816,-24106,5418
7132,7492,4436,33.71,20372,-8834,3134
6332,10828,11152,33.75,2348,-3228,1692
7728,11132,8636,33.71,4116,-3659,1022
7888,9768,10332,33.66,893,-2526,3713
7736,9136,11236,33.61,-2735,-4944,2950
9156,9796,8188,33.71,1009,-3616,1181
9208,9608,7640,33.71,373,-957,2168
8484,8612,8960,33.71,-1414,-224,1150
8780,8448,7248,33.66,-2167,1691,-1233
9088,7128,3080,33.71,-12022,9418,-3753
7436,4876,-3196,33.66,-26218,29258,-4162
-2640,-4672,-360,33.61,-5953,32767,-23778
-13372,7016,11204,33.66,-26135,32767,-21120
-19424,4512,32767,33.66,-13120,15617,-5915
-13700,4132,18784,33.71,2932,-8312,-4396
-6956,6320,12208,33.66,6963,-9197,2764
-6264,3068,10892,33.71,5849,-5180,6726
-8020,2684,15372,33.61,-5991,-572,239
-10756,9016,28028,33.66,-3212,-15784,6206
-10976,3616,21096,33.61,24159,-32768,16713
-4500,224,13552,33.66,17828,-32768,16820
2784,1320,4636,33.61,32229,-32768,13369
6740,2888,-1604,33.61,28834,-20706,4674
9172,12216,5460,33.71,1470,-6286,-1539
9980,13668,2888,33.61,-6714,1269,-4467
8748,13632,9560,33.52,-2196,873,-540
9396,11472,6484,33.61,1236,-1599,827
9660,11644,7028,33.66,-662,369,724
9288,10636,6456,33.66,-3946,773,2396
8668,10316,8112,33.71,-4470,1696,1041
8812,10328,8336,33.75,-2928,1792,34
8760,9440,6480,33.75,-6008,4193,-977
8680,7356,1808,33.66,-18740,11288,-4232
5708,5076,-4392,33.71,-32768,32767,-2133
-4104,340,2044,33.80,-20047,32767,-17008
-16972,1328,11108,33.57,-32768,32767,-7207
-24176,-5988,32767,33.66,-3704,13284,-907
-15748,-244,16184,33.61,18608,-14118,-4825
-7496,4920,12768,33.75,5215,-9941,-381
-11104,3264,20328,33.75,-3993,-18476,2341
-11488,1620,24080,33.71,7870,-28127,6553
-6344,72,11348,33.66,26921,-32768,14029
964,3164,8252,33.66,3702,-29855,1504
4972,4752,5496,33.66,14356,-22717,3479
4828,6432,10548,33.66,20080,-11854,-463
6008,7984,8964,33.66,3175,-8933,832
7268,9328,8092,33.71,10073,-4868,-1086
7572,9900,10728,33.61,-1500,-2817,2406
7852,10224,11336,33.66,3314,-4103,1235
7216,7776,11128,33.66,4973,-5302,2115
8360,9752,8464,33.71,-229,-3236,-749
8824,10244,7484,33.66,-153,-448,628
8488,9060,8208,33.66,-83,2388,905
8076,8816,10140,33.71,-5324,3524,424
8500,8424,6884,33.66,-8635,6640,-1875
9204,9672,1256,33.61,-29193,18717,-1644
2020,-3516,-3668,33.71,-30958,32767,-12506
-7112,2236,8652,33.71,-12591,32767,-6533
-18772,-2124,21984,33.66,-17489,32767,-670
-17676,-776,28408,33.66,-6123,9193,-5261
-12680,2204,16544,33.66,5874,-5517,-2057
-9636,2804,15760,33.71,3929,-8525,3569
-10656,1724,17480,33.71,6326,-13381,4853
-10812,5616,20956,33.71,16798,-25732,10034
-9448,2812,18828,33.66,25989,-32768,16341
-1668,2564,7024,33.75,16813,-32768,11976
3184,1416,4844,33.66,20448,-26931,7372
7360,8644,2664,33.66,5658,-12976,-25
6916,10800,8124,33.66,3674,-4771,1367
6904,10552,9076,33.66,8371,-5523,-534
9004,2528,6508,33.61,32767,-9216,-5431
9836,15604,5520,33.71,19520,-4445,4199
9388,13808,2916,33.66,-32029,-6598,237
9464,10272,4316,33.75,-5539,-1145,963
9320,12592,7808,33.71,-7616,-1095,2076
9376,10392,5884,33.66,-9929,452,2854
8876,8752,5212,33.80,-9081,5157,814
8888,9000,4508,33.66,-18976,10544,-275
7376,6884,2748,33.71,-32768,21009,2366
1368,-344,-588,33.61,2008,32767,-10401
-7336,-496,5356,33.66,-19121,32767,-18209
-17220,-1412,28128,33.75,-32768,32767,2781
-15884,-20,22800,33.80,6718,7506,-4291
-11888,3232,18060,33.71,11084,-6026,1411
-8404,1732,11444,33.71,3599,-6485,4169
-8340,1276,12856,33.71,-1895,-1547,3283
-10968,1108,21252,33.61,-3805,-7122,652
-9784,6484,20744,33.71,13153,-19969,5987
-11024,5024,25120,33.75,27306,-32768,15576
-6488,104,11216,33.71,32767,-32768,15642
896,3784,6460,33.66,32767,-32768,15032
8120,6412,-2792,33.66,32767,-21786,704
8844,7448,-4988,33.71,-2493,-9994,4080
9752,11256,-1600,33.71,-6310,-64,277
9776,13688,3664,33.66,-14265,4821,-69
9764,13288,4188,33.80,-2393,1724,-1887
9424,14880,6832,33.66,2597,-790,292
9408,13012,4320,33.61,-724,-1879,1681
9456,11952,4132,33.75,-2236,-213,2070
8676,12184,5796,33.71,560,129,1423
8700,11324,4288,33.71,-3618,-760,-534
8812,12252,4668,33.66,-1265,668,-1116
8416,12444,5960,33.71,-1577,1335,-1149
8688,12564,5236,33.80,-1563,926,-1779
8644,13500,5988,33.75,41,537,-544
8580,13484,5952,33.61,-3541,862,-954
8492,13736,6392,33.75,-1308,-443,358
8604,12192,6016,33.75,-1139,-620,-36
8948,12828,5188,33.71,-1271,116,-164
8540,12524,6004,33.66,-2914,40,202
8804,12152,6412,33.75,2597,-1206,-615
9108,12716,4852,33.80,967,-1189,-346
8828,12748,5744,33.66,138,-201,286
8600,12120,5108,33.66,-209,-828,347
8636,11716,5180,33.85,-734,253,105
8532,12284,5948,33.71,-2436,931,-49
8580,12024,6076,33.66,-1569,436,-745
8768,12504,6012,33.66,-544,1029,-496
9020,12524,4952,33.71,-3405,1423,-469
8820,12024,5216,33.75,-5255,3435,-798
8620,11980,5328,33.71,-7896,6057,-2338
7832,11988,5212,33.80,-3023,7244,-3220
6708,11232,6792,33.75,-3067,9656,-4138
6424,12172,6240,33.75,-4491,14798,-3650
4180,9732,10560,33.66,-27310,12605,1095
3016,5648,8868,33.80,-21829,15686,2124
996,6668,10976,33.75,11981,20810,-5236
-1316,9152,14992,33.75,7872,20319,-9427
-1856,7452,10872,33.85,-24590,17741,-10280
-4320,9688,17856,33.75,-5077,15779,-5758
-5424,6500,12444,33.71,-4509,10241,-4440
-7628,5140,15168,33.71,-9035,16245,-4942
-8632,4792,15776,33.66,-5660,7012,-3286
-7536,5052,11332,33.85,-8114,8741,-4922
-8816,1888,9012,33.75,-27153,-8145,-207
-8408,-168,17220,33.66,-12859,1992,-3460
-8940,-1676,11364,33.71,-246,-337,-4068
-6420,712,12588,33.71,-5711,-302,-1235
-6092,4284,14448,33.71,-3996,-4636,-5375
-7156,144,14072,33.71,-773,-808,-426
-7480,-220,14132,33.75,-529,-4204,319
-6700,224,13616,33.71,2153,-486,-3502
-6448,4,15120,33.75,8104,1982,-632
-7308,1396,12624,33.75,7729,-276,-942
-7052,1592,13852,33.71,-1620,1778,717
-6244,1644,13052,33.75,8468,1727,-416
-5836,-216,15832,33.66,8382,3109,715
-9964,5232,14040,33.66,21318,-998,495
-5176,7292,10000,33.71,18581,2135,-3964
-8136,5648,14708,33.75,4244,-621,5524
-7944,3152,11640,33.71,-2352,-533,1659
-4256,8692,15888,33.75,-2862,1285,1935
-7752,6192,12168,33.66,3710,1424,33
-7660,6024,11928,33.75,306,-449,-158
-7572,5932,12532,33.71,-2242,-239,41
-7568,6168,11936,33.71,1587,-7,-122
-7560,6116,11972,33.66,592,-155,-148
-7560,6092,12124,33.66,298,-212,-92
-7688,6256,11992,33.75,318,-179,-154
-7576,6244,12144,33.71,611,-190,-113
-7488,6308,12116,33.75,328,-95,-87
-7484,6152,11724,33.85,-2,-188,-108
-7604,6172,12152,33.75,7,-106,-67
-7608,6236,11996,33.71,-40,-170,-68
-7584,6380,12028,33.80,-141,-80,-28
-7604,6300,12124,33.75,-196,-117,-19
-7548,6292,12048,33.66,144,-75,-42
-7620,6260,12188,33.75,-102,-112,-19
-7660,6364,12160,33.71,-88,-68,-47
-7588,6388,11976,33.66,82,-149,-86
-7500,6424,12132,33.66,300,-74,-37
-7548,6404,12152,33.66,434,48,-128
-7536,6332,12176,33.66,1219,293,-80
-7624,6516,11668,33.75,1149,144,-142
-7544,6568,12032,33.75,-1442,-396,-100
-7584,6424,12036,33.66,974,-223,-145
-7476,6504,12080,33.75,-779,-244,-87
-7552,6668,11844,33.66,-44,-87,-115
-7488,6648,11900,33.75,-315,-105,-31
-7556,6456,12080,33.75,-114,-85,-24
-7476,6564,11916,33.71,-79,-51,-31
-7536,6584,11888,33.66,160,-71,-21
-7500,6580,11968,33.66,-285,-128,-22
-7516,6488,11924,33.71,-190,-73,-58
-7580,6572,11900,33.71,-65,-208,-102
-7588,6588,12044,33.75,241,-176,-63
-7596,6584,11872,33.66,-359,-171,-58
-7512,6576,12040,33.71,-181,-123,-44
-7452,6652,11964,33.71,-270,-95,-24
-7464,6584,11956,33.61,-280,-80,-25
-7528,6708,11956,33.71,-214,-99,-30
-7440,6588,11972,33.71,-29,-59,-42
-7472,6680,11892,33.71,-295,-64,-41
-7488,6636,12000,33.75,21,-99,-54
-7548,6608,11768,33.66,-89,-80,-31
-7508,6692,11936,33.71,-176,-112,-21
-7528,6684,11960,33.75,-118,-28,15
-7524,6580,11948,33.71,-57,-57,-29
-7536,6584,12000,33.80,-399,-73,-28
-7560,6532,11832,33.71,-35,-102,-53
-7604,6672,11964,33.61,-239,-92,-28
-7508,6668,11824,33.61,-47,-64,-49
-7496,6616,12036,33.71,-177,-100,-46
-7448,6644,11904,33.66,-125,-85,-28
-7568,6652,11824,33.75,-304,-61,11
-7396,6660,11948,33.71,4,15,-30
-7528,6696,11892,33.75,-444,-66,-6
-7480,6712,11972,33.71,-84,-96,-18
-7528,6680,11872,33.52,39,-52,-61
-7504,6672,12032,33.66,91,-89,-22
-7632,6808,11788,33.71,397,-14,-79
-7492,6680,11960,33.71,-469,-165,-55
-7604,6824,11932,33.66,70,32,-22
-7480,6656,11912,33.75,-93,-53,-61
-7580,6584,12004,33.66,-491,-143,-42
-7600,6728,12160,33.71,149,-112,-18
-7492,6772,11860,33.71,-272,-16,38
-7504,6740,11996,33.75,-284,-98,-6
-7400,6804,11712,33.75,-368,-7,-34
-7536,6772,11836,33.75,-308,-90,-11
-7484,6772,11852,33.66,81,-92,-33
-7456,6788,11864,33.71,-173,-75,-42
-7468,6780,11768,33.71,-174,-83,-52
-7484,6772,11836,33.75,-355,-108,-41
-7440,6756,11900,33.75,-208,-88,-50
-7384,6664,11920,33.66,-333,-71,-18
-7496,6680,11944,33.71,-99,-35,-39
-7472,6764,11864,33.75,-251,-54,-26
-7452,6776,11952,33.66,-309,-49,-15
-7392,6736,11912,33.85,57,-48,-31
-7536,6752,11896,33.66,-182,-68,-7
-7508,6716,11952,33.75,-273,-53,-17
-7416,6752,11864,33.66,-199,-77,-16
-7416,6768,11908,33.75,-161,-79,-23
-7460,6788,11800,33.66,-143,-79,-43
-7504,6808,11908,33.66,-245,-75,-26
-7560,6844,11788,33.75,-167,-46,-6
-7444,6828,11948,33.75,-197,-73,10
-7520,6788,11916,33.66,81,-15,-26
-7448,6840,11864,33.71,-261,-129,-28
-7448,6784,11972,33.66,-270,-87,-46
-7472,6772,11840,33.66,-118,-65,-14
-7456,6868,11928,33.85,-266,-107,-24
-7484,6756,11780,33.71,-225,-51,-18
-7496,6836,11880,33.71,-159,-39,-41
-7472,6812,11752,33.71,-216,-88,-12
-7556,6832,11944,33.71,-79,-20,-38
-7436,6824,11724,33.71,-127,-67,-22
-7516,6860,11884,33.71,-143,-74,-13
-7428,6788,11960,33.71,-701,1,43
-7348,6764,11920,33.75,-536,-31,33
-7444,6808,11920,33.66,91,-44,-6
-7440,6836,11864,33.66,-209,-84,-22
-7496,6824,11952,33.71,-216,-141,-17
-7412,6816,11844,33.80,-221,-43,-38
-7416,6884,11884,33.80,-180,-94,-23
-7364,6780,11916,33.66,-261,-61,-24
-7472,6792,11808,33.75,-192,-21,6
-7360,6872,11952,33.80,-354,-62,-17
-7384,6904,11744,33.80,-122,-73,-14
-7420,6760,12020,33.66,-307,-64,2
-7456,6816,11736,33.71,-208,-62,-12
-7424,6796,11880,33.71,-277,-40,1
-7416,6864,11928,33.75,-225,-65,-15
-7392,6804,11916,33.71,-180,-55,-6
-7396,6916,11820,33.66,-299,-49,-17
-7432,6836,11952,33.75,-195,-58,10
-7440,6776,11736,33.66,-223,-58,-6
-7460,6768,11940,33.66,-133,-64,-32
-7448,6736,11968,33.75,-218,-49,2
-7536,6876,11796,33.75,-317,-39,24
-7404,6900,11928,33.80,-176,-28,-5
-7396,6832,11816,33.80,-208,-52,-8
-7444,6856,11872,33.71,-121,-22,27
-7488,6780,11944,33.75,-275,-71,-24
-7364,6832,11892,33.75,-66,-43,-8
-7472,6860,11748,33.66,-247,-60,-7
-7372,6788,11964,33.75,-121,-35,0
-7516,6868,11772,33.80,-108,-40,-2
-7484,6932,11868,33.66,-142,-76,-6
-7484,6764,11760,33.75,-172,-58,-50
-7416,6876,11920,33.85,-217,-30,2
-7376,6868,11756,33.66,-146,-66,-13
-7380,6736,12048,33.66,-369,-76,-4
-7444,6784,11908,33.71,-64,-137,-79
-7400,6864,11868,33.75,-557,-22,52
-7416,6912,11944,33.71,-101,-12,24
-7372,6776,11768,33.80,-395,-77,-6
-7464,6900,11784,33.71,-273,-61,17
-7460,6860,11852,33.75,-250,-46,-21
-7404,6896,11932,33.71,-269,19,23
-7456,6888,11952,33.75,-191,-19,-13
-7408,6920,11712,33.66,-218,0,-18
-7424,6928,11948,33.61,-61,-91,-32
-7456,7004,11844,33.66,-254,-206,-73
-7412,6876,11904,33.80,-95,-140,-78
-7328,6852,11928,33.75,-48,-81,-57
-7372,6888,11884,33.71,-404,-92,-33
-7332,6948,11856,33.71,-166,-50,-29
-7380,6824,11896,33.75,-228,35,-20
-7344,6824,11852,33.71,-108,-228,-74
-7444,6928,11776,33.75,-214,-39,5
-7320,6792,11900,33.71,-260,-75,-12
-7440,6884,11876,33.80,-133,-72,-15
-7412,6924,11864,33.75,-255,-28,9
-7400,6864,11832,33.71,-244,-40,-5
-7396,6804,11812,33.66,-274,-55,-12
-7416,6860,11832,33.71,-177,-57,-15
-7372,6868,11776,33.80,-170,-44,-21
-7428,6848,11872,33.61,-166,-41,-1
-7340,6908,11876,33.66,-137,-6,-2
-7360,6932,12004,33.75,-182,-91,-31
-7372,6960,11920,33.75,-130,-88,-53
-7308,6852,11800,33.75,-194,-107,-50
-7452,6892,11940,33.71,-419,-32,-10
-7348,6812,11852,33.80,76,-59,-20
-7472,6916,11772,33.66,-407,-68,8
-7424,6896,11936,33.75,152,-7,17
-7432,7016,11824,33.75,-31,-80,-38
-7488,6972,11944,33.75,43,-21,1
-7392,7008,11740,33.75,-295,76,20
-7256,6968,11396,33.71,396,-66,-9
-7364,6844,11752,33.80,-240,-74,49
-7500,6988,11956,33.66,-43,20,66
-7328,6932,11708,33.80,-903,-96,-5
-7340,6960,11980,33.71,-485,-39,-12
-7384,7100,12008,33.75,-190,-18,-8
-7420,6868,11932,33.75,-665,-76,-24
-7472,6916,11768,33.71,128,-121,-41
-7472,7024,11668,33.80,-282,-78,-49
-7352,7088,12004,33.71,-210,-64,-6
-7304,7028,11848,33.80,-176,-62,-12
-7408,6904,12008,33.80,-765,-103,-26
-7480,6912,12060,33.80,199,-61,-9
-7380,6964,11828,33.75,-102,-124,-14
-7276,6884,11832,33.71,2,43,-25
-7412,6980,11636,33.80,-118,-85,-50